{
  "eval_loss": 1.2963584661483765,
  "eval_accuracy": 0.5927461139896373,
  "eval_f1_micro": 0.5927461139896373,
  "eval_f1_macro": 0.3815249858849106,
  "eval_f1_weighted": 0.6922986977642063,
  "eval_f1_ent": 0.2052313883299799,
  "eval_f1_neu": 0.7296348314606742,
  "eval_f1_con": 0.20970873786407768,
  "eval_precision_micro": 0.5927461139896373,
  "eval_precision_macro": 0.40804554228001483,
  "eval_precision_weighted": 0.9221387242787686,
  "eval_precision_ent": 0.1191588785046729,
  "eval_precision_neu": 0.9839015151515151,
  "eval_precision_con": 0.1210762331838565,
  "eval_recall_micro": 0.5927461139896373,
  "eval_recall_macro": 0.7005127458592132,
  "eval_recall_weighted": 0.5927461139896373,
  "eval_recall_ent": 0.7391304347826086,
  "eval_recall_neu": 0.5797991071428571,
  "eval_recall_con": 0.782608695652174,
  "eval_confusion_matrix": [
    [
      51,
      9,
      9
    ],
    [
      370,
      1039,
      383
    ],
    [
      7,
      8,
      54
    ]
  ],
  "eval_runtime": 30.9673,
  "eval_samples_per_second": 62.324,
  "eval_steps_per_second": 7.815,
  "epoch": 4.8384279475982535
}