{
  "best_metric": 0.2052313883299799,
  "best_model_checkpoint": "/gaueko1/users/mmartin/ENVIRONMENT/NLIsrc/output/1_3000/checkpoint-58",
  "epoch": 4.8384279475982535,
  "eval_steps": 500,
  "global_step": 140,
  "is_hyper_param_search": false,
  "is_local_process_zero": true,
  "is_world_process_zero": true,
  "log_history": [
    {
      "epoch": 1.0,
      "eval_accuracy": 0.4730569948186529,
      "eval_confusion_matrix": [
        [
          48,
          8,
          13
        ],
        [
          460,
          811,
          521
        ],
        [
          12,
          3,
          54
        ]
      ],
      "eval_f1_con": 0.1643835616438356,
      "eval_f1_ent": 0.16298811544991512,
      "eval_f1_macro": 0.31595888343828926,
      "eval_f1_micro": 0.4730569948186529,
      "eval_f1_neu": 0.6205049732211171,
      "eval_f1_weighted": 0.587841221622648,
      "eval_loss": 1.7312368154525757,
      "eval_precision_con": 0.09183673469387756,
      "eval_precision_ent": 0.09230769230769231,
      "eval_precision_macro": 0.3902541439559166,
      "eval_precision_micro": 0.4730569948186529,
      "eval_precision_neu": 0.98661800486618,
      "eval_precision_weighted": 0.9226556633074109,
      "eval_recall_con": 0.782608695652174,
      "eval_recall_ent": 0.6956521739130435,
      "eval_recall_macro": 0.6436092779503105,
      "eval_recall_micro": 0.4730569948186529,
      "eval_recall_neu": 0.4525669642857143,
      "eval_recall_weighted": 0.4730569948186529,
      "eval_runtime": 31.5788,
      "eval_samples_per_second": 61.117,
      "eval_steps_per_second": 7.663,
      "step": 29
    },
    {
      "epoch": 2.0,
      "eval_accuracy": 0.5927461139896373,
      "eval_confusion_matrix": [
        [
          51,
          9,
          9
        ],
        [
          370,
          1039,
          383
        ],
        [
          7,
          8,
          54
        ]
      ],
      "eval_f1_con": 0.20970873786407768,
      "eval_f1_ent": 0.2052313883299799,
      "eval_f1_macro": 0.3815249858849106,
      "eval_f1_micro": 0.5927461139896373,
      "eval_f1_neu": 0.7296348314606742,
      "eval_f1_weighted": 0.6922986977642063,
      "eval_loss": 1.2963584661483765,
      "eval_precision_con": 0.1210762331838565,
      "eval_precision_ent": 0.1191588785046729,
      "eval_precision_macro": 0.40804554228001483,
      "eval_precision_micro": 0.5927461139896373,
      "eval_precision_neu": 0.9839015151515151,
      "eval_precision_weighted": 0.9221387242787686,
      "eval_recall_con": 0.782608695652174,
      "eval_recall_ent": 0.7391304347826086,
      "eval_recall_macro": 0.7005127458592132,
      "eval_recall_micro": 0.5927461139896373,
      "eval_recall_neu": 0.5797991071428571,
      "eval_recall_weighted": 0.5927461139896373,
      "eval_runtime": 31.7697,
      "eval_samples_per_second": 60.75,
      "eval_steps_per_second": 7.617,
      "step": 58
    },
    {
      "epoch": 3.0,
      "eval_accuracy": 0.4968911917098446,
      "eval_confusion_matrix": [
        [
          54,
          6,
          9
        ],
        [
          532,
          853,
          407
        ],
        [
          11,
          6,
          52
        ]
      ],
      "eval_f1_con": 0.19366852886405958,
      "eval_f1_ent": 0.16216216216216217,
      "eval_f1_macro": 0.3326360740254261,
      "eval_f1_micro": 0.4968911917098446,
      "eval_f1_neu": 0.6420775310500565,
      "eval_f1_weighted": 0.6088887322914561,
      "eval_loss": 2.0398354530334473,
      "eval_precision_con": 0.1111111111111111,
      "eval_precision_ent": 0.09045226130653267,
      "eval_precision_macro": 0.3958968466825672,
      "eval_precision_micro": 0.4968911917098446,
      "eval_precision_neu": 0.9861271676300578,
      "eval_precision_weighted": 0.9228226720672958,
      "eval_recall_con": 0.7536231884057971,
      "eval_recall_ent": 0.782608695652174,
      "eval_recall_macro": 0.670745449447895,
      "eval_recall_micro": 0.4968911917098446,
      "eval_recall_neu": 0.4760044642857143,
      "eval_recall_weighted": 0.4968911917098446,
      "eval_runtime": 31.224,
      "eval_samples_per_second": 61.811,
      "eval_steps_per_second": 7.75,
      "step": 87
    },
    {
      "epoch": 4.0,
      "eval_accuracy": 0.48601036269430054,
      "eval_confusion_matrix": [
        [
          53,
          7,
          9
        ],
        [
          473,
          827,
          492
        ],
        [
          6,
          5,
          58
        ]
      ],
      "eval_f1_con": 0.18471337579617833,
      "eval_f1_ent": 0.17637271214642264,
      "eval_f1_macro": 0.3299147975898877,
      "eval_f1_micro": 0.48601036269430054,
      "eval_f1_neu": 0.628658304827062,
      "eval_f1_weighted": 0.59661690275551,
      "eval_loss": 2.5610904693603516,
      "eval_precision_con": 0.1037567084078712,
      "eval_precision_ent": 0.09962406015037593,
      "eval_precision_macro": 0.3963593423998289,
      "eval_precision_micro": 0.48601036269430054,
      "eval_precision_neu": 0.9856972586412396,
      "eval_precision_weighted": 0.9224884769510986,
      "eval_recall_con": 0.8405797101449275,
      "eval_recall_ent": 0.7681159420289855,
      "eval_recall_macro": 0.6900637292960662,
      "eval_recall_micro": 0.48601036269430054,
      "eval_recall_neu": 0.4614955357142857,
      "eval_recall_weighted": 0.48601036269430054,
      "eval_runtime": 31.2204,
      "eval_samples_per_second": 61.819,
      "eval_steps_per_second": 7.751,
      "step": 116
    },
    {
      "epoch": 4.8384279475982535,
      "eval_accuracy": 0.5414507772020726,
      "eval_confusion_matrix": [
        [
          47,
          9,
          13
        ],
        [
          368,
          942,
          482
        ],
        [
          5,
          8,
          56
        ]
      ],
      "eval_f1_con": 0.18064516129032257,
      "eval_f1_ent": 0.19222903885480572,
      "eval_f1_macro": 0.3525720252755662,
      "eval_f1_micro": 0.5414507772020726,
      "eval_f1_neu": 0.6848418756815703,
      "eval_f1_weighted": 0.6492046430214444,
      "eval_loss": 2.306785821914673,
      "eval_precision_con": 0.10163339382940109,
      "eval_precision_ent": 0.11190476190476191,
      "eval_precision_macro": 0.39860378566182214,
      "eval_precision_micro": 0.5414507772020726,
      "eval_precision_neu": 0.9822732012513035,
      "eval_precision_weighted": 0.9196723882839342,
      "eval_recall_con": 0.8115942028985508,
      "eval_recall_ent": 0.6811594202898551,
      "eval_recall_macro": 0.6728077553485162,
      "eval_recall_micro": 0.5414507772020726,
      "eval_recall_neu": 0.5256696428571429,
      "eval_recall_weighted": 0.5414507772020726,
      "eval_runtime": 31.6108,
      "eval_samples_per_second": 61.055,
      "eval_steps_per_second": 7.656,
      "step": 140
    },
    {
      "epoch": 4.8384279475982535,
      "step": 140,
      "total_flos": 2330174215249920.0,
      "train_loss": 0.37534275054931643,
      "train_runtime": 823.8296,
      "train_samples_per_second": 11.107,
      "train_steps_per_second": 0.17
    }
  ],
  "logging_steps": 500,
  "max_steps": 140,
  "num_input_tokens_seen": 0,
  "num_train_epochs": 5,
  "save_steps": 500,
  "stateful_callbacks": {
    "TrainerControl": {
      "args": {
        "should_epoch_stop": false,
        "should_evaluate": false,
        "should_log": false,
        "should_save": true,
        "should_training_stop": true
      },
      "attributes": {}
    }
  },
  "total_flos": 2330174215249920.0,
  "train_batch_size": 8,
  "trial_name": null,
  "trial_params": null
}
