{
  "best_metric": 0.06854742315277805,
  "best_model_checkpoint": "/gaueko1/users/murruela002/APP1/NLIsrc/RV/outputs_secuencia/datos_secuencia/12_3000/checkpoint-80",
  "epoch": 4.784313725490196,
  "eval_steps": 500,
  "global_step": 95,
  "is_hyper_param_search": false,
  "is_local_process_zero": true,
  "is_world_process_zero": true,
  "log_history": [
    {
      "epoch": 1.0,
      "eval_accuracy": 0.8199892530897367,
      "eval_confusion_matrix": [
        [
          1510,
          20,
          262
        ],
        [
          15,
          0,
          9
        ],
        [
          29,
          0,
          16
        ]
      ],
      "eval_f1_a_s": 0.04819277108433735,
      "eval_f1_att": 0.0,
      "eval_f1_macro": 0.3329852584276136,
      "eval_f1_micro": 0.8199892530897367,
      "eval_f1_norel": 0.9025702331141662,
      "eval_f1_supp": 0.0963855421686747,
      "eval_f1_weighted": 0.8714364358614595,
      "eval_loss": 0.5625502467155457,
      "eval_precision_att": 0.0,
      "eval_precision_macro": 0.34247836686861083,
      "eval_precision_micro": 0.8199892530897367,
      "eval_precision_norel": 0.9716859716859717,
      "eval_precision_supp": 0.05574912891986063,
      "eval_precision_weighted": 0.9370069704796642,
      "eval_recall_att": 0.0,
      "eval_recall_macro": 0.39939649470899474,
      "eval_recall_micro": 0.8199892530897367,
      "eval_recall_norel": 0.8426339285714286,
      "eval_recall_supp": 0.35555555555555557,
      "eval_recall_weighted": 0.8199892530897367,
      "eval_runtime": 19.6438,
      "eval_samples_per_second": 94.737,
      "eval_steps_per_second": 11.861,
      "step": 20
    },
    {
      "epoch": 2.0,
      "eval_accuracy": 0.48952176249328316,
      "eval_confusion_matrix": [
        [
          886,
          792,
          114
        ],
        [
          6,
          18,
          0
        ],
        [
          9,
          29,
          7
        ]
      ],
      "eval_f1_a_s": 0.06302614862695277,
      "eval_f1_att": 0.04171494785631518,
      "eval_f1_macro": 0.2613515084174734,
      "eval_f1_micro": 0.48952176249328316,
      "eval_f1_norel": 0.6580022279985147,
      "eval_f1_supp": 0.08433734939759036,
      "eval_f1_weighted": 0.6361828758972494,
      "eval_loss": 1.262509822845459,
      "eval_precision_att": 0.021454112038140644,
      "eval_precision_macro": 0.35421906100203976,
      "eval_precision_micro": 0.48952176249328316,
      "eval_precision_norel": 0.9833518312985572,
      "eval_precision_supp": 0.05785123966942149,
      "eval_precision_weighted": 0.9485678055674658,
      "eval_recall_att": 0.75,
      "eval_recall_macro": 0.46665839947089943,
      "eval_recall_micro": 0.48952176249328316,
      "eval_recall_norel": 0.49441964285714285,
      "eval_recall_supp": 0.15555555555555556,
      "eval_recall_weighted": 0.48952176249328316,
      "eval_runtime": 29.6748,
      "eval_samples_per_second": 62.713,
      "eval_steps_per_second": 7.852,
      "step": 40
    },
    {
      "epoch": 3.0,
      "eval_accuracy": 0.36217087587318647,
      "eval_confusion_matrix": [
        [
          632,
          258,
          902
        ],
        [
          0,
          9,
          15
        ],
        [
          7,
          5,
          33
        ]
      ],
      "eval_f1_a_s": 0.06357123455113406,
      "eval_f1_att": 0.060810810810810814,
      "eval_f1_macro": 0.21569770223332152,
      "eval_f1_micro": 0.36217087587318647,
      "eval_f1_norel": 0.5199506375976964,
      "eval_f1_supp": 0.06633165829145729,
      "eval_f1_weighted": 0.5030606806328034,
      "eval_loss": 1.6019270420074463,
      "eval_precision_att": 0.03308823529411765,
      "eval_precision_macro": 0.3522901536036538,
      "eval_precision_micro": 0.36217087587318647,
      "eval_precision_norel": 0.9890453834115805,
      "eval_precision_supp": 0.034736842105263156,
      "eval_precision_weighted": 0.9536413770098592,
      "eval_recall_att": 0.375,
      "eval_recall_macro": 0.4870039682539682,
      "eval_recall_micro": 0.36217087587318647,
      "eval_recall_norel": 0.35267857142857145,
      "eval_recall_supp": 0.7333333333333333,
      "eval_recall_weighted": 0.36217087587318647,
      "eval_runtime": 34.334,
      "eval_samples_per_second": 54.203,
      "eval_steps_per_second": 6.786,
      "step": 60
    },
    {
      "epoch": 4.0,
      "eval_accuracy": 0.3567974207415368,
      "eval_confusion_matrix": [
        [
          618,
          450,
          724
        ],
        [
          1,
          15,
          8
        ],
        [
          6,
          8,
          31
        ]
      ],
      "eval_f1_a_s": 0.06854742315277805,
      "eval_f1_att": 0.060362173038229376,
      "eval_f1_macro": 0.21615752910226574,
      "eval_f1_micro": 0.3567974207415368,
      "eval_f1_norel": 0.5113777410012412,
      "eval_f1_supp": 0.07673267326732673,
      "eval_f1_weighted": 0.4950513564342673,
      "eval_loss": 1.9339805841445923,
      "eval_precision_att": 0.03171247357293869,
      "eval_precision_macro": 0.3537138564159687,
      "eval_precision_micro": 0.3567974207415368,
      "eval_precision_norel": 0.9888,
      "eval_precision_supp": 0.04062909567496723,
      "eval_precision_weighted": 0.9535298273353703,
      "eval_recall_att": 0.625,
      "eval_recall_macro": 0.5529183201058201,
      "eval_recall_micro": 0.3567974207415368,
      "eval_recall_norel": 0.34486607142857145,
      "eval_recall_supp": 0.6888888888888889,
      "eval_recall_weighted": 0.3567974207415368,
      "eval_runtime": 29.3447,
      "eval_samples_per_second": 63.419,
      "eval_steps_per_second": 7.94,
      "step": 80
    },
    {
      "epoch": 4.784313725490196,
      "eval_accuracy": 0.28694250403009136,
      "eval_confusion_matrix": [
        [
          486,
          298,
          1008
        ],
        [
          0,
          12,
          12
        ],
        [
          3,
          6,
          36
        ]
      ],
      "eval_f1_a_s": 0.06799166533098253,
      "eval_f1_att": 0.07058823529411765,
      "eval_f1_macro": 0.18737074049977234,
      "eval_f1_micro": 0.28694250403009136,
      "eval_f1_norel": 0.42612889083735206,
      "eval_f1_supp": 0.0653950953678474,
      "eval_f1_weighted": 0.412820993723346,
      "eval_loss": 2.132822275161743,
      "eval_precision_att": 0.0379746835443038,
      "eval_precision_macro": 0.35531020777001987,
      "eval_precision_micro": 0.28694250403009136,
      "eval_precision_norel": 0.9938650306748467,
      "eval_precision_supp": 0.03409090909090909,
      "eval_precision_weighted": 0.9583297250314236,
      "eval_recall_att": 0.5,
      "eval_recall_macro": 0.523735119047619,
      "eval_recall_micro": 0.28694250403009136,
      "eval_recall_norel": 0.27120535714285715,
      "eval_recall_supp": 0.8,
      "eval_recall_weighted": 0.28694250403009136,
      "eval_runtime": 37.3368,
      "eval_samples_per_second": 49.844,
      "eval_steps_per_second": 6.24,
      "step": 95
    },
    {
      "epoch": 4.784313725490196,
      "step": 95,
      "total_flos": 1536582359531520.0,
      "train_loss": 0.6017631530761719,
      "train_runtime": 742.1179,
      "train_samples_per_second": 8.22,
      "train_steps_per_second": 0.128
    }
  ],
  "logging_steps": 500,
  "max_steps": 95,
  "num_input_tokens_seen": 0,
  "num_train_epochs": 5,
  "save_steps": 500,
  "stateful_callbacks": {
    "TrainerControl": {
      "args": {
        "should_epoch_stop": false,
        "should_evaluate": false,
        "should_log": false,
        "should_save": true,
        "should_training_stop": true
      },
      "attributes": {}
    }
  },
  "total_flos": 1536582359531520.0,
  "train_batch_size": 8,
  "trial_name": null,
  "trial_params": null
}
