{
  "eval_loss": 2.3025119304656982,
  "eval_accuracy": 0.28533046749059643,
  "eval_f1_micro": 0.28533046749059643,
  "eval_f1_macro": 0.18595701154704716,
  "eval_f1_weighted": 0.4098286515199463,
  "eval_f1_norel": 0.4229925405879772,
  "eval_f1_att": 0.06576402321083172,
  "eval_f1_supp": 0.06911447084233262,
  "eval_f1_a_s": 0.06743924702658216,
  "eval_precision_micro": 0.28533046749059643,
  "eval_precision_macro": 0.3535127263741354,
  "eval_precision_weighted": 0.9543598791833825,
  "eval_precision_norel": 0.9897330595482546,
  "eval_precision_att": 0.034482758620689655,
  "eval_precision_supp": 0.036322360953461974,
  "eval_recall_micro": 0.28533046749059643,
  "eval_recall_macro": 0.5628058862433862,
  "eval_recall_weighted": 0.28533046749059643,
  "eval_recall_norel": 0.2689732142857143,
  "eval_recall_att": 0.7083333333333334,
  "eval_recall_supp": 0.7111111111111111,
  "eval_confusion_matrix": [
    [
      482,
      468,
      842
    ],
    [
      0,
      17,
      7
    ],
    [
      5,
      8,
      32
    ]
  ],
  "eval_runtime": 29.6351,
  "eval_samples_per_second": 62.797,
  "eval_steps_per_second": 7.862,
  "epoch": 4.784313725490196
}