{
  "best_metric": 0.23129251700680273,
  "best_model_checkpoint": "/gaueko1/users/mmartin/ENVIRONMENT/NLIsrc/output/4_3000/checkpoint-58",
  "epoch": 4.8384279475982535,
  "eval_steps": 500,
  "global_step": 140,
  "is_hyper_param_search": false,
  "is_local_process_zero": true,
  "is_world_process_zero": true,
  "log_history": [
    {
      "epoch": 1.0,
      "eval_accuracy": 0.4709844559585492,
      "eval_confusion_matrix": [
        [
          43,
          10,
          16
        ],
        [
          342,
          810,
          640
        ],
        [
          8,
          5,
          56
        ]
      ],
      "eval_f1_con": 0.14340588988476313,
      "eval_f1_ent": 0.18614718614718614,
      "eval_f1_macro": 0.3161941663451295,
      "eval_f1_micro": 0.4709844559585492,
      "eval_f1_neu": 0.6190294230034391,
      "eval_f1_weighted": 0.5865491649058899,
      "eval_loss": 1.7439981698989868,
      "eval_precision_con": 0.07865168539325842,
      "eval_precision_ent": 0.10941475826972011,
      "eval_precision_macro": 0.38996154182705345,
      "eval_precision_micro": 0.4709844559585492,
      "eval_precision_neu": 0.9818181818181818,
      "eval_precision_weighted": 0.9183392572180972,
      "eval_recall_con": 0.8115942028985508,
      "eval_recall_ent": 0.6231884057971014,
      "eval_recall_macro": 0.6289305124223602,
      "eval_recall_micro": 0.4709844559585492,
      "eval_recall_neu": 0.45200892857142855,
      "eval_recall_weighted": 0.4709844559585492,
      "eval_runtime": 31.534,
      "eval_samples_per_second": 61.204,
      "eval_steps_per_second": 7.674,
      "step": 29
    },
    {
      "epoch": 2.0,
      "eval_accuracy": 0.566321243523316,
      "eval_confusion_matrix": [
        [
          51,
          8,
          10
        ],
        [
          318,
          983,
          491
        ],
        [
          3,
          7,
          59
        ]
      ],
      "eval_f1_con": 0.1875993640699523,
      "eval_f1_ent": 0.23129251700680273,
      "eval_f1_macro": 0.37451712642821344,
      "eval_f1_micro": 0.566321243523316,
      "eval_f1_neu": 0.7046594982078853,
      "eval_f1_weighted": 0.6692504458978377,
      "eval_loss": 1.4109594821929932,
      "eval_precision_con": 0.10535714285714286,
      "eval_precision_ent": 0.13709677419354838,
      "eval_precision_macro": 0.40914128564348357,
      "eval_precision_micro": 0.566321243523316,
      "eval_precision_neu": 0.9849699398797596,
      "eval_precision_weighted": 0.9232100790368015,
      "eval_recall_con": 0.855072463768116,
      "eval_recall_ent": 0.7391304347826086,
      "eval_recall_macro": 0.7142506685645271,
      "eval_recall_micro": 0.566321243523316,
      "eval_recall_neu": 0.5485491071428571,
      "eval_recall_weighted": 0.566321243523316,
      "eval_runtime": 31.4396,
      "eval_samples_per_second": 61.388,
      "eval_steps_per_second": 7.697,
      "step": 58
    },
    {
      "epoch": 3.0,
      "eval_accuracy": 0.5269430051813472,
      "eval_confusion_matrix": [
        [
          52,
          7,
          10
        ],
        [
          436,
          915,
          441
        ],
        [
          13,
          6,
          50
        ]
      ],
      "eval_f1_con": 0.17543859649122806,
      "eval_f1_ent": 0.1824561403508772,
      "eval_f1_macro": 0.34356295149638805,
      "eval_f1_micro": 0.5269430051813472,
      "eval_f1_neu": 0.6727941176470589,
      "eval_f1_weighted": 0.6374827956816761,
      "eval_loss": 2.0367774963378906,
      "eval_precision_con": 0.0998003992015968,
      "eval_precision_ent": 0.10379241516966067,
      "eval_precision_macro": 0.3965280645605341,
      "eval_precision_micro": 0.5269430051813472,
      "eval_precision_neu": 0.9859913793103449,
      "eval_precision_weighted": 0.922769148142878,
      "eval_recall_con": 0.7246376811594203,
      "eval_recall_ent": 0.7536231884057971,
      "eval_recall_macro": 0.6629545160455487,
      "eval_recall_micro": 0.5269430051813472,
      "eval_recall_neu": 0.5106026785714286,
      "eval_recall_weighted": 0.5269430051813472,
      "eval_runtime": 31.4007,
      "eval_samples_per_second": 61.464,
      "eval_steps_per_second": 7.707,
      "step": 87
    },
    {
      "epoch": 4.0,
      "eval_accuracy": 0.555440414507772,
      "eval_confusion_matrix": [
        [
          48,
          11,
          10
        ],
        [
          376,
          972,
          444
        ],
        [
          8,
          9,
          52
        ]
      ],
      "eval_f1_con": 0.1808695652173913,
      "eval_f1_ent": 0.19161676646706588,
      "eval_f1_macro": 0.3569207312511409,
      "eval_f1_micro": 0.555440414507772,
      "eval_f1_neu": 0.6982758620689655,
      "eval_f1_weighted": 0.6616641977791782,
      "eval_loss": 2.2381749153137207,
      "eval_precision_con": 0.10276679841897234,
      "eval_precision_ent": 0.1111111111111111,
      "eval_precision_macro": 0.39790553973583426,
      "eval_precision_micro": 0.555440414507772,
      "eval_precision_neu": 0.9798387096774194,
      "eval_precision_weighted": 0.9174241158028557,
      "eval_recall_con": 0.7536231884057971,
      "eval_recall_ent": 0.6956521739130435,
      "eval_recall_macro": 0.663895358868185,
      "eval_recall_micro": 0.555440414507772,
      "eval_recall_neu": 0.5424107142857143,
      "eval_recall_weighted": 0.555440414507772,
      "eval_runtime": 31.4106,
      "eval_samples_per_second": 61.444,
      "eval_steps_per_second": 7.704,
      "step": 116
    },
    {
      "epoch": 4.8384279475982535,
      "eval_accuracy": 0.510880829015544,
      "eval_confusion_matrix": [
        [
          50,
          7,
          12
        ],
        [
          401,
          881,
          510
        ],
        [
          8,
          6,
          55
        ]
      ],
      "eval_f1_con": 0.17027863777089783,
      "eval_f1_ent": 0.1893939393939394,
      "eval_f1_macro": 0.33855554011724404,
      "eval_f1_micro": 0.510880829015544,
      "eval_f1_neu": 0.655994043186895,
      "eval_f1_weighted": 0.6219475301633626,
      "eval_loss": 2.847806930541992,
      "eval_precision_con": 0.09532062391681109,
      "eval_precision_ent": 0.10893246187363835,
      "eval_precision_macro": 0.3965705662552803,
      "eval_precision_micro": 0.510880829015544,
      "eval_precision_neu": 0.9854586129753915,
      "eval_precision_weighted": 0.9222980815396076,
      "eval_recall_con": 0.7971014492753623,
      "eval_recall_ent": 0.7246376811594203,
      "eval_recall_macro": 0.6711228649068323,
      "eval_recall_micro": 0.510880829015544,
      "eval_recall_neu": 0.4916294642857143,
      "eval_recall_weighted": 0.510880829015544,
      "eval_runtime": 31.4252,
      "eval_samples_per_second": 61.416,
      "eval_steps_per_second": 7.701,
      "step": 140
    },
    {
      "epoch": 4.8384279475982535,
      "step": 140,
      "total_flos": 2330174215249920.0,
      "train_loss": 0.346435546875,
      "train_runtime": 772.2053,
      "train_samples_per_second": 11.849,
      "train_steps_per_second": 0.181
    }
  ],
  "logging_steps": 500,
  "max_steps": 140,
  "num_input_tokens_seen": 0,
  "num_train_epochs": 5,
  "save_steps": 500,
  "stateful_callbacks": {
    "TrainerControl": {
      "args": {
        "should_epoch_stop": false,
        "should_evaluate": false,
        "should_log": false,
        "should_save": true,
        "should_training_stop": true
      },
      "attributes": {}
    }
  },
  "total_flos": 2330174215249920.0,
  "train_batch_size": 8,
  "trial_name": null,
  "trial_params": null
}
