{
    "optimal_threshold": 0.9029029029029029,
    "positive_accuracy": 0.8391959798994975,
    "precision": 0.20139697322467986,
    "recall": 0.43467336683417085,
    "f1-score": 0.2752585521081941
}