{
  "best_metric": 0.09419496166484119,
  "best_model_checkpoint": "/gaueko1/users/murruela002/APP1/NLIsrc/output/data_0.05/0_2071/checkpoint-4",
  "epoch": 4.666666666666667,
  "eval_steps": 500,
  "global_step": 5,
  "is_hyper_param_search": false,
  "is_local_process_zero": true,
  "is_world_process_zero": true,
  "log_history": [
    {
      "epoch": 0.6666666666666666,
      "eval_accuracy": 0.8450777202072539,
      "eval_confusion_matrix": [
        [
          5,
          61,
          3
        ],
        [
          77,
          1624,
          91
        ],
        [
          2,
          65,
          2
        ]
      ],
      "eval_f1_con": 0.024242424242424242,
      "eval_f1_ent": 0.06535947712418301,
      "eval_f1_macro": 0.33553264959914575,
      "eval_f1_micro": 0.8450777202072539,
      "eval_f1_neu": 0.9169960474308301,
      "eval_f1_weighted": 0.8546318384405924,
      "eval_loss": 0.5353672504425049,
      "eval_precision_con": 0.020833333333333332,
      "eval_precision_ent": 0.05952380952380952,
      "eval_precision_macro": 0.33611904761904765,
      "eval_precision_micro": 0.8450777202072539,
      "eval_precision_neu": 0.928,
      "eval_precision_weighted": 0.8645184678016286,
      "eval_recall_con": 0.028985507246376812,
      "eval_recall_ent": 0.07246376811594203,
      "eval_recall_macro": 0.3358997584541063,
      "eval_recall_micro": 0.8450777202072539,
      "eval_recall_neu": 0.90625,
      "eval_recall_weighted": 0.8450777202072539,
      "eval_runtime": 38.6472,
      "eval_samples_per_second": 49.939,
      "eval_steps_per_second": 6.262,
      "step": 1
    },
    {
      "epoch": 1.6666666666666665,
      "eval_accuracy": 0.03471502590673575,
      "eval_confusion_matrix": [
        [
          63,
          0,
          6
        ],
        [
          1538,
          0,
          254
        ],
        [
          65,
          0,
          4
        ]
      ],
      "eval_f1_con": 0.024024024024024024,
      "eval_f1_ent": 0.07262247838616714,
      "eval_f1_macro": 0.03221550080339706,
      "eval_f1_micro": 0.03471502590673575,
      "eval_f1_neu": 0.0,
      "eval_f1_weighted": 0.0034552376509342955,
      "eval_loss": 4.519638538360596,
      "eval_precision_con": 0.015151515151515152,
      "eval_precision_ent": 0.037815126050420166,
      "eval_precision_macro": 0.01765554706731177,
      "eval_precision_micro": 0.03471502590673575,
      "eval_precision_neu": 0.0,
      "eval_precision_weighted": 0.00189362603260805,
      "eval_recall_con": 0.057971014492753624,
      "eval_recall_ent": 0.9130434782608695,
      "eval_recall_macro": 0.32367149758454106,
      "eval_recall_micro": 0.03471502590673575,
      "eval_recall_neu": 0.0,
      "eval_recall_weighted": 0.03471502590673575,
      "eval_runtime": 38.5566,
      "eval_samples_per_second": 50.056,
      "eval_steps_per_second": 6.276,
      "step": 2
    },
    {
      "epoch": 2.6666666666666665,
      "eval_accuracy": 0.035233160621761656,
      "eval_confusion_matrix": [
        [
          43,
          0,
          26
        ],
        [
          834,
          0,
          958
        ],
        [
          44,
          0,
          25
        ]
      ],
      "eval_f1_con": 0.04638218923933209,
      "eval_f1_ent": 0.08686868686868687,
      "eval_f1_macro": 0.04441695870267299,
      "eval_f1_micro": 0.035233160621761656,
      "eval_f1_neu": 0.0,
      "eval_f1_weighted": 0.004763891425623476,
      "eval_loss": 3.406961441040039,
      "eval_precision_con": 0.024777006937561942,
      "eval_precision_ent": 0.04668838219326819,
      "eval_precision_macro": 0.023821796376943375,
      "eval_precision_micro": 0.035233160621761656,
      "eval_precision_neu": 0.0,
      "eval_precision_weighted": 0.002554980233174756,
      "eval_recall_con": 0.36231884057971014,
      "eval_recall_ent": 0.6231884057971014,
      "eval_recall_macro": 0.32850241545893716,
      "eval_recall_micro": 0.035233160621761656,
      "eval_recall_neu": 0.0,
      "eval_recall_weighted": 0.035233160621761656,
      "eval_runtime": 38.5172,
      "eval_samples_per_second": 50.107,
      "eval_steps_per_second": 6.283,
      "step": 3
    },
    {
      "epoch": 3.6666666666666665,
      "eval_accuracy": 0.03730569948186528,
      "eval_confusion_matrix": [
        [
          43,
          0,
          26
        ],
        [
          761,
          0,
          1031
        ],
        [
          40,
          0,
          29
        ]
      ],
      "eval_f1_con": 0.050216450216450215,
      "eval_f1_ent": 0.09419496166484119,
      "eval_f1_macro": 0.04813713729376381,
      "eval_f1_micro": 0.03730569948186528,
      "eval_f1_neu": 0.0,
      "eval_f1_weighted": 0.005162895036170522,
      "eval_loss": 2.419340133666992,
      "eval_precision_con": 0.026703499079189688,
      "eval_precision_ent": 0.0509478672985782,
      "eval_precision_macro": 0.025883788792589294,
      "eval_precision_micro": 0.03730569948186528,
      "eval_precision_neu": 0.0,
      "eval_precision_weighted": 0.0027761369326766757,
      "eval_recall_con": 0.42028985507246375,
      "eval_recall_ent": 0.6231884057971014,
      "eval_recall_macro": 0.34782608695652173,
      "eval_recall_micro": 0.03730569948186528,
      "eval_recall_neu": 0.0,
      "eval_recall_weighted": 0.03730569948186528,
      "eval_runtime": 38.4964,
      "eval_samples_per_second": 50.135,
      "eval_steps_per_second": 6.286,
      "step": 4
    },
    {
      "epoch": 4.666666666666667,
      "eval_accuracy": 0.03626943005181347,
      "eval_confusion_matrix": [
        [
          44,
          0,
          25
        ],
        [
          892,
          0,
          900
        ],
        [
          43,
          0,
          26
        ]
      ],
      "eval_f1_con": 0.050980392156862744,
      "eval_f1_ent": 0.08396946564885496,
      "eval_f1_macro": 0.04498328593523924,
      "eval_f1_micro": 0.03626943005181347,
      "eval_f1_neu": 0.0,
      "eval_f1_weighted": 0.004824632222069701,
      "eval_loss": 2.0293617248535156,
      "eval_precision_con": 0.027339642481598318,
      "eval_precision_ent": 0.0449438202247191,
      "eval_precision_macro": 0.02409448756877247,
      "eval_precision_micro": 0.03626943005181347,
      "eval_precision_neu": 0.0,
      "eval_precision_weighted": 0.002584227423179224,
      "eval_recall_con": 0.37681159420289856,
      "eval_recall_ent": 0.6376811594202898,
      "eval_recall_macro": 0.33816425120772947,
      "eval_recall_micro": 0.03626943005181347,
      "eval_recall_neu": 0.0,
      "eval_recall_weighted": 0.03626943005181347,
      "eval_runtime": 38.9396,
      "eval_samples_per_second": 49.564,
      "eval_steps_per_second": 6.215,
      "step": 5
    },
    {
      "epoch": 4.666666666666667,
      "step": 5,
      "total_flos": 101037364346880.0,
      "train_loss": 1.9782808303833008,
      "train_runtime": 588.4018,
      "train_samples_per_second": 0.765,
      "train_steps_per_second": 0.008
    }
  ],
  "logging_steps": 500,
  "max_steps": 5,
  "num_input_tokens_seen": 0,
  "num_train_epochs": 5,
  "save_steps": 500,
  "stateful_callbacks": {
    "TrainerControl": {
      "args": {
        "should_epoch_stop": false,
        "should_evaluate": false,
        "should_log": false,
        "should_save": true,
        "should_training_stop": true
      },
      "attributes": {}
    }
  },
  "total_flos": 101037364346880.0,
  "train_batch_size": 8,
  "trial_name": null,
  "trial_params": null
}
