{
  "eval_loss": 1.2697159051895142,
  "eval_accuracy": 0.5963730569948187,
  "eval_f1_micro": 0.5963730569948187,
  "eval_f1_macro": 0.38349785667984143,
  "eval_f1_weighted": 0.6952909595618878,
  "eval_f1_ent": 0.2066115702479339,
  "eval_f1_neu": 0.7327495621716287,
  "eval_f1_con": 0.21113243761996162,
  "eval_precision_micro": 0.5963730569948187,
  "eval_precision_macro": 0.4087236231700752,
  "eval_precision_weighted": 0.9223060917463851,
  "eval_precision_ent": 0.12048192771084337,
  "eval_precision_neu": 0.9840075258701787,
  "eval_precision_con": 0.12168141592920353,
  "eval_recall_micro": 0.5963730569948187,
  "eval_recall_macro": 0.7018148291925467,
  "eval_recall_weighted": 0.5963730569948187,
  "eval_recall_ent": 0.7246376811594203,
  "eval_recall_neu": 0.5837053571428571,
  "eval_recall_con": 0.7971014492753623,
  "eval_confusion_matrix": [
    [
      50,
      9,
      10
    ],
    [
      359,
      1046,
      387
    ],
    [
      6,
      8,
      55
    ]
  ],
  "eval_runtime": 31.1353,
  "eval_samples_per_second": 61.988,
  "eval_steps_per_second": 7.773,
  "epoch": 4.8384279475982535
}