{"eval/recall_macro":0.6705397483883592,"confusion_matrix_table":{"sha256":"ffedd09353291a3f3ef5f759b7b6ae5a244821b6af87f98c839f8690ca8fa12a","size":394,"artifact_path":"wandb-client-artifact://rzg0bkq6c3om9kvvbif2e3rdx4eiqg7tf2kjnngvowl4uaxjdt84w8os5f4efxf009zxw7vu4vfu8jvtqp5owhb1ukylvchf91mzbwjrb3qfupz3qy6ce6iie3eahlhn/confusion_matrix_table.table.json","_latest_artifact_path":"wandb-client-artifact://38kjagya6izwz59vdj0mgfz5ohgtcsltiz4rhp5cwojh6wwyttwz4hl7kqbv9uwfjt41qqn0t74znp9wrd71sebj7kif2c3brzfy2ntegcyx4qqqnhmj52pdt4gux5v1:latest/confusion_matrix_table.table.json","path":"media/table/confusion_matrix_table_3_ffedd09353291a3f3ef5.table.json","ncols":3,"nrows":9,"_type":"table-file"},"_timestamp":1.7403098168867705e+09,"_runtime":409.193446208,"train_samples_per_second":16.875,"eval/recall_micro":0.5045004500450045,"_wandb":{"runtime":409},"eval/confusion_matrix":[[208,34,26],[1754,2966,1427],[35,27,189]],"train/global_step":85,"eval/steps_per_second":11.572,"eval/loss":1.8394250869750977,"eval/precision_weighted":0.9120808167721508,"_step":4,"train_runtime":325.4002,"eval/f1_macro":0.3433191622299508,"eval/recall_neu":0.482511794371238,"eval/accuracy":0.5045004500450045,"train/epoch":0.9898107714701602,"eval/precision_micro":0.5045004500450045,"eval/f1_weighted":0.6111692311714482,"eval/f1_ent":0.1836644591611479,"total_flos":1.4313626615808e+15,"eval/recall_weighted":0.5045004500450045,"eval/recall_con":0.7529880478087649,"eval/f1_neu":0.6466099847394812,"eval/precision_con":0.11510353227771011,"eval/runtime":72.0696,"eval/samples_per_second":92.494,"eval/f1_micro":0.5045004500450045,"eval/recall_ent":0.7761194029850746,"eval/precision_ent":0.1041562343515273,"eval/f1_con":0.19968304278922344,"train_steps_per_second":0.261,"train_loss":0.6158195046817555,"eval/precision_neu":0.9798480343574496,"eval/precision_macro":0.39970260032889565}