{
    "optimal_threshold": 0.050050050050050046,
    "positive_accuracy": 0.5,
    "precision": 0.05768063145112325,
    "recall": 0.23869346733668342,
    "f1-score": 0.09290953545232274
}