{
  "best_metric": 0.01273209549071618,
  "best_model_checkpoint": "/gaueko1/users/murruela002/APP1/NLIsrc/RV/outputs_secuencia/data_0.05/1_2225/checkpoint-1",
  "epoch": 5.0,
  "eval_steps": 500,
  "global_step": 5,
  "is_hyper_param_search": false,
  "is_local_process_zero": true,
  "is_world_process_zero": true,
  "log_history": [
    {
      "epoch": 1.0,
      "eval_accuracy": 0.012896292315959162,
      "eval_confusion_matrix": [
        [
          0,
          1792,
          0
        ],
        [
          0,
          24,
          0
        ],
        [
          0,
          45,
          0
        ]
      ],
      "eval_f1_a_s": 0.01273209549071618,
      "eval_f1_att": 0.02546419098143236,
      "eval_f1_macro": 0.008488063660477453,
      "eval_f1_micro": 0.012896292315959162,
      "eval_f1_norel": 0.0,
      "eval_f1_supp": 0.0,
      "eval_f1_weighted": 0.00032839365048596274,
      "eval_loss": 1.2178031206130981,
      "eval_precision_att": 0.012896292315959162,
      "eval_precision_macro": 0.004298764105319721,
      "eval_precision_micro": 0.012896292315959162,
      "eval_precision_norel": 0.0,
      "eval_precision_supp": 0.0,
      "eval_precision_weighted": 0.0001663143554986673,
      "eval_recall_att": 1.0,
      "eval_recall_macro": 0.3333333333333333,
      "eval_recall_micro": 0.012896292315959162,
      "eval_recall_norel": 0.0,
      "eval_recall_supp": 0.0,
      "eval_recall_weighted": 0.012896292315959162,
      "eval_runtime": 21.1758,
      "eval_samples_per_second": 87.883,
      "eval_steps_per_second": 11.003,
      "step": 1
    },
    {
      "epoch": 2.0,
      "eval_accuracy": 0.9629231595916175,
      "eval_confusion_matrix": [
        [
          1792,
          0,
          0
        ],
        [
          24,
          0,
          0
        ],
        [
          45,
          0,
          0
        ]
      ],
      "eval_f1_a_s": 0.0,
      "eval_f1_att": 0.0,
      "eval_f1_macro": 0.3270371384250388,
      "eval_f1_micro": 0.9629231595916175,
      "eval_f1_norel": 0.9811114152751164,
      "eval_f1_supp": 0.0,
      "eval_f1_weighted": 0.9447349039081185,
      "eval_loss": 1.0019562244415283,
      "eval_precision_att": 0.0,
      "eval_precision_macro": 0.32097438653053917,
      "eval_precision_micro": 0.9629231595916175,
      "eval_precision_norel": 0.9629231595916175,
      "eval_precision_supp": 0.0,
      "eval_precision_weighted": 0.9272210112779036,
      "eval_recall_att": 0.0,
      "eval_recall_macro": 0.3333333333333333,
      "eval_recall_micro": 0.9629231595916175,
      "eval_recall_norel": 1.0,
      "eval_recall_supp": 0.0,
      "eval_recall_weighted": 0.9629231595916175,
      "eval_runtime": 20.1176,
      "eval_samples_per_second": 92.506,
      "eval_steps_per_second": 11.582,
      "step": 2
    },
    {
      "epoch": 3.0,
      "eval_accuracy": 0.9629231595916175,
      "eval_confusion_matrix": [
        [
          1792,
          0,
          0
        ],
        [
          24,
          0,
          0
        ],
        [
          45,
          0,
          0
        ]
      ],
      "eval_f1_a_s": 0.0,
      "eval_f1_att": 0.0,
      "eval_f1_macro": 0.3270371384250388,
      "eval_f1_micro": 0.9629231595916175,
      "eval_f1_norel": 0.9811114152751164,
      "eval_f1_supp": 0.0,
      "eval_f1_weighted": 0.9447349039081185,
      "eval_loss": 0.8587064743041992,
      "eval_precision_att": 0.0,
      "eval_precision_macro": 0.32097438653053917,
      "eval_precision_micro": 0.9629231595916175,
      "eval_precision_norel": 0.9629231595916175,
      "eval_precision_supp": 0.0,
      "eval_precision_weighted": 0.9272210112779036,
      "eval_recall_att": 0.0,
      "eval_recall_macro": 0.3333333333333333,
      "eval_recall_micro": 0.9629231595916175,
      "eval_recall_norel": 1.0,
      "eval_recall_supp": 0.0,
      "eval_recall_weighted": 0.9629231595916175,
      "eval_runtime": 18.2189,
      "eval_samples_per_second": 102.147,
      "eval_steps_per_second": 12.789,
      "step": 3
    },
    {
      "epoch": 4.0,
      "eval_accuracy": 0.9629231595916175,
      "eval_confusion_matrix": [
        [
          1792,
          0,
          0
        ],
        [
          24,
          0,
          0
        ],
        [
          45,
          0,
          0
        ]
      ],
      "eval_f1_a_s": 0.0,
      "eval_f1_att": 0.0,
      "eval_f1_macro": 0.3270371384250388,
      "eval_f1_micro": 0.9629231595916175,
      "eval_f1_norel": 0.9811114152751164,
      "eval_f1_supp": 0.0,
      "eval_f1_weighted": 0.9447349039081185,
      "eval_loss": 0.7796160578727722,
      "eval_precision_att": 0.0,
      "eval_precision_macro": 0.32097438653053917,
      "eval_precision_micro": 0.9629231595916175,
      "eval_precision_norel": 0.9629231595916175,
      "eval_precision_supp": 0.0,
      "eval_precision_weighted": 0.9272210112779036,
      "eval_recall_att": 0.0,
      "eval_recall_macro": 0.3333333333333333,
      "eval_recall_micro": 0.9629231595916175,
      "eval_recall_norel": 1.0,
      "eval_recall_supp": 0.0,
      "eval_recall_weighted": 0.9629231595916175,
      "eval_runtime": 26.04,
      "eval_samples_per_second": 71.467,
      "eval_steps_per_second": 8.948,
      "step": 4
    },
    {
      "epoch": 5.0,
      "eval_accuracy": 0.9629231595916175,
      "eval_confusion_matrix": [
        [
          1792,
          0,
          0
        ],
        [
          24,
          0,
          0
        ],
        [
          45,
          0,
          0
        ]
      ],
      "eval_f1_a_s": 0.0,
      "eval_f1_att": 0.0,
      "eval_f1_macro": 0.3270371384250388,
      "eval_f1_micro": 0.9629231595916175,
      "eval_f1_norel": 0.9811114152751164,
      "eval_f1_supp": 0.0,
      "eval_f1_weighted": 0.9447349039081185,
      "eval_loss": 0.748369574546814,
      "eval_precision_att": 0.0,
      "eval_precision_macro": 0.32097438653053917,
      "eval_precision_micro": 0.9629231595916175,
      "eval_precision_norel": 0.9629231595916175,
      "eval_precision_supp": 0.0,
      "eval_precision_weighted": 0.9272210112779036,
      "eval_recall_att": 0.0,
      "eval_recall_macro": 0.3333333333333333,
      "eval_recall_micro": 0.9629231595916175,
      "eval_recall_norel": 1.0,
      "eval_recall_supp": 0.0,
      "eval_recall_weighted": 0.9629231595916175,
      "eval_runtime": 18.3108,
      "eval_samples_per_second": 101.634,
      "eval_steps_per_second": 12.725,
      "step": 5
    },
    {
      "epoch": 5.0,
      "step": 5,
      "total_flos": 78934025318400.0,
      "train_loss": 1.0902676582336426,
      "train_runtime": 257.1535,
      "train_samples_per_second": 1.167,
      "train_steps_per_second": 0.019
    }
  ],
  "logging_steps": 500,
  "max_steps": 5,
  "num_input_tokens_seen": 0,
  "num_train_epochs": 5,
  "save_steps": 500,
  "stateful_callbacks": {
    "TrainerControl": {
      "args": {
        "should_epoch_stop": false,
        "should_evaluate": false,
        "should_log": false,
        "should_save": true,
        "should_training_stop": true
      },
      "attributes": {}
    }
  },
  "total_flos": 78934025318400.0,
  "train_batch_size": 8,
  "trial_name": null,
  "trial_params": null
}
