{
  "best_metric": 0.2288329519450801,
  "best_model_checkpoint": "/gaueko1/users/mmartin/ENVIRONMENT/NLIsrc/output/0_3000/checkpoint-58",
  "epoch": 4.8384279475982535,
  "eval_steps": 500,
  "global_step": 140,
  "is_hyper_param_search": false,
  "is_local_process_zero": true,
  "is_world_process_zero": true,
  "log_history": [
    {
      "epoch": 1.0,
      "eval_accuracy": 0.5621761658031088,
      "eval_confusion_matrix": [
        [
          50,
          11,
          8
        ],
        [
          416,
          986,
          390
        ],
        [
          10,
          10,
          49
        ]
      ],
      "eval_f1_con": 0.18992248062015504,
      "eval_f1_ent": 0.1834862385321101,
      "eval_f1_macro": 0.35931535130489345,
      "eval_f1_micro": 0.5621761658031088,
      "eval_f1_neu": 0.7045373347624152,
      "eval_f1_weighted": 0.6675109355003909,
      "eval_loss": 1.3388758897781372,
      "eval_precision_con": 0.10961968680089486,
      "eval_precision_ent": 0.10504201680672269,
      "eval_precision_macro": 0.3979358939201824,
      "eval_precision_micro": 0.5621761658031088,
      "eval_precision_neu": 0.9791459781529295,
      "eval_precision_weighted": 0.9168089380305571,
      "eval_recall_con": 0.7101449275362319,
      "eval_recall_ent": 0.7246376811594203,
      "eval_recall_macro": 0.6616686076604555,
      "eval_recall_micro": 0.5621761658031088,
      "eval_recall_neu": 0.5502232142857143,
      "eval_recall_weighted": 0.5621761658031088,
      "eval_runtime": 31.6731,
      "eval_samples_per_second": 60.935,
      "eval_steps_per_second": 7.641,
      "step": 29
    },
    {
      "epoch": 2.0,
      "eval_accuracy": 0.6088082901554405,
      "eval_confusion_matrix": [
        [
          50,
          8,
          11
        ],
        [
          314,
          1066,
          412
        ],
        [
          4,
          6,
          59
        ]
      ],
      "eval_f1_con": 0.21415607985480944,
      "eval_f1_ent": 0.2288329519450801,
      "eval_f1_macro": 0.39510962155632345,
      "eval_f1_micro": 0.6088082901554405,
      "eval_f1_neu": 0.7423398328690808,
      "eval_f1_weighted": 0.7050980433655882,
      "eval_loss": 1.2465286254882812,
      "eval_precision_con": 0.12240663900414937,
      "eval_precision_ent": 0.1358695652173913,
      "eval_precision_macro": 0.4151044137528592,
      "eval_precision_micro": 0.6088082901554405,
      "eval_precision_neu": 0.987037037037037,
      "eval_precision_weighted": 0.925695040653708,
      "eval_recall_con": 0.855072463768116,
      "eval_recall_ent": 0.7246376811594203,
      "eval_recall_macro": 0.7248587387853691,
      "eval_recall_micro": 0.6088082901554405,
      "eval_recall_neu": 0.5948660714285714,
      "eval_recall_weighted": 0.6088082901554405,
      "eval_runtime": 31.3123,
      "eval_samples_per_second": 61.637,
      "eval_steps_per_second": 7.729,
      "step": 58
    },
    {
      "epoch": 3.0,
      "eval_accuracy": 0.4347150259067358,
      "eval_confusion_matrix": [
        [
          55,
          4,
          10
        ],
        [
          548,
          726,
          518
        ],
        [
          8,
          3,
          58
        ]
      ],
      "eval_f1_con": 0.17709923664122137,
      "eval_f1_ent": 0.16176470588235295,
      "eval_f1_macro": 0.3046378158246898,
      "eval_f1_micro": 0.4347150259067358,
      "eval_f1_neu": 0.575049504950495,
      "eval_f1_weighted": 0.5460468004691263,
      "eval_loss": 2.5927505493164062,
      "eval_precision_con": 0.09897610921501707,
      "eval_precision_ent": 0.09001636661211129,
      "eval_precision_macro": 0.3931475601552001,
      "eval_precision_micro": 0.4347150259067358,
      "eval_precision_neu": 0.990450204638472,
      "eval_precision_weighted": 0.9263871748933749,
      "eval_recall_con": 0.8405797101449275,
      "eval_recall_ent": 0.7971014492753623,
      "eval_recall_macro": 0.6809383626639062,
      "eval_recall_micro": 0.4347150259067358,
      "eval_recall_neu": 0.40513392857142855,
      "eval_recall_weighted": 0.4347150259067358,
      "eval_runtime": 31.55,
      "eval_samples_per_second": 61.173,
      "eval_steps_per_second": 7.67,
      "step": 87
    },
    {
      "epoch": 4.0,
      "eval_accuracy": 0.5435233160621762,
      "eval_confusion_matrix": [
        [
          56,
          9,
          4
        ],
        [
          451,
          938,
          403
        ],
        [
          7,
          7,
          55
        ]
      ],
      "eval_f1_con": 0.2071563088512241,
      "eval_f1_ent": 0.19210977701543738,
      "eval_f1_macro": 0.3608138713024827,
      "eval_f1_micro": 0.5435233160621762,
      "eval_f1_neu": 0.6831755280407866,
      "eval_f1_weighted": 0.6486009876548648,
      "eval_loss": 2.2834064960479736,
      "eval_precision_con": 0.11904761904761904,
      "eval_precision_ent": 0.10894941634241245,
      "eval_precision_macro": 0.4037418489734766,
      "eval_precision_micro": 0.5435233160621762,
      "eval_precision_neu": 0.9832285115303984,
      "eval_precision_weighted": 0.9210763150799929,
      "eval_recall_con": 0.7971014492753623,
      "eval_recall_ent": 0.8115942028985508,
      "eval_recall_macro": 0.7107110507246377,
      "eval_recall_micro": 0.5435233160621762,
      "eval_recall_neu": 0.5234375,
      "eval_recall_weighted": 0.5435233160621762,
      "eval_runtime": 31.5077,
      "eval_samples_per_second": 61.255,
      "eval_steps_per_second": 7.681,
      "step": 116
    },
    {
      "epoch": 4.8384279475982535,
      "eval_accuracy": 0.5191709844559586,
      "eval_confusion_matrix": [
        [
          51,
          8,
          10
        ],
        [
          381,
          891,
          520
        ],
        [
          4,
          5,
          60
        ]
      ],
      "eval_f1_con": 0.18209408194233687,
      "eval_f1_ent": 0.201980198019802,
      "eval_f1_macro": 0.3483511694829286,
      "eval_f1_micro": 0.5191709844559586,
      "eval_f1_neu": 0.6609792284866469,
      "eval_f1_weighted": 0.6274486542826212,
      "eval_loss": 2.675713539123535,
      "eval_precision_con": 0.1016949152542373,
      "eval_precision_ent": 0.11697247706422019,
      "eval_precision_macro": 0.40142895378166865,
      "eval_precision_micro": 0.5191709844559586,
      "eval_precision_neu": 0.9856194690265486,
      "eval_precision_weighted": 0.9229627660961393,
      "eval_recall_con": 0.8695652173913043,
      "eval_recall_ent": 0.7391304347826086,
      "eval_recall_macro": 0.701968491200828,
      "eval_recall_micro": 0.5191709844559586,
      "eval_recall_neu": 0.49720982142857145,
      "eval_recall_weighted": 0.5191709844559586,
      "eval_runtime": 33.5984,
      "eval_samples_per_second": 57.443,
      "eval_steps_per_second": 7.203,
      "step": 140
    },
    {
      "epoch": 4.8384279475982535,
      "step": 140,
      "total_flos": 2330174215249920.0,
      "train_loss": 0.3561471121651786,
      "train_runtime": 821.5696,
      "train_samples_per_second": 11.137,
      "train_steps_per_second": 0.17
    }
  ],
  "logging_steps": 500,
  "max_steps": 140,
  "num_input_tokens_seen": 0,
  "num_train_epochs": 5,
  "save_steps": 500,
  "stateful_callbacks": {
    "TrainerControl": {
      "args": {
        "should_epoch_stop": false,
        "should_evaluate": false,
        "should_log": false,
        "should_save": true,
        "should_training_stop": true
      },
      "attributes": {}
    }
  },
  "total_flos": 2330174215249920.0,
  "train_batch_size": 8,
  "trial_name": null,
  "trial_params": null
}
