{
  "eval_loss": 1.794683814048767,
  "eval_accuracy": 0.039378238341968914,
  "eval_f1_micro": 0.039378238341968914,
  "eval_f1_macro": 0.0516642145887972,
  "eval_f1_weighted": 0.005541187782321772,
  "eval_f1_ent": 0.09326424870466321,
  "eval_f1_neu": 0.0,
  "eval_f1_con": 0.06172839506172839,
  "eval_precision_micro": 0.039378238341968914,
  "eval_precision_macro": 0.027936313613832597,
  "eval_precision_weighted": 0.002996278195887744,
  "eval_precision_ent": 0.051209103840682786,
  "eval_precision_neu": 0.0,
  "eval_precision_con": 0.032599837000814993,
  "eval_recall_micro": 0.039378238341968914,
  "eval_recall_macro": 0.3671497584541063,
  "eval_recall_weighted": 0.039378238341968914,
  "eval_recall_ent": 0.5217391304347826,
  "eval_recall_neu": 0.0,
  "eval_recall_con": 0.5797101449275363,
  "eval_confusion_matrix": [
    [
      36,
      0,
      33
    ],
    [
      638,
      0,
      1154
    ],
    [
      29,
      0,
      40
    ]
  ],
  "eval_runtime": 38.7451,
  "eval_samples_per_second": 49.813,
  "eval_steps_per_second": 6.246,
  "epoch": 4.666666666666667
}