{
    "optimal_threshold": 0.7517517517517518,
    "positive_accuracy": 0.6859296482412061,
    "precision": 0.1947565543071161,
    "recall": 0.2613065326633166,
    "f1-score": 0.22317596566523606
}