{
    "optimal_threshold": 0.35135135135135137,
    "positive_accuracy": 0.5722543352601156,
    "precision": 0.0624390243902439,
    "recall": 0.3699421965317919,
    "f1-score": 0.10684474123539232
}