{
  "best_metric": 0.2534435261707989,
  "best_model_checkpoint": "/gaueko1/users/mmartin/ENVIRONMENT/NLIsrc/output/7_3000/checkpoint-58",
  "epoch": 4.8384279475982535,
  "eval_steps": 500,
  "global_step": 140,
  "is_hyper_param_search": false,
  "is_local_process_zero": true,
  "is_world_process_zero": true,
  "log_history": [
    {
      "epoch": 1.0,
      "eval_accuracy": 0.555958549222798,
      "eval_confusion_matrix": [
        [
          50,
          12,
          7
        ],
        [
          426,
          974,
          392
        ],
        [
          10,
          10,
          49
        ]
      ],
      "eval_f1_con": 0.1895551257253385,
      "eval_f1_ent": 0.18018018018018017,
      "eval_f1_macro": 0.35614801923297296,
      "eval_f1_micro": 0.555958549222798,
      "eval_f1_neu": 0.6987087517934003,
      "eval_f1_weighted": 0.6619677820317379,
      "eval_loss": 1.3457437753677368,
      "eval_precision_con": 0.109375,
      "eval_precision_ent": 0.102880658436214,
      "eval_precision_macro": 0.3967224350075198,
      "eval_precision_micro": 0.555958549222798,
      "eval_precision_neu": 0.9779116465863453,
      "eval_precision_weighted": 0.9155768451372175,
      "eval_recall_con": 0.7101449275362319,
      "eval_recall_ent": 0.7246376811594203,
      "eval_recall_macro": 0.6594364648033126,
      "eval_recall_micro": 0.555958549222798,
      "eval_recall_neu": 0.5435267857142857,
      "eval_recall_weighted": 0.555958549222798,
      "eval_runtime": 41.8196,
      "eval_samples_per_second": 46.151,
      "eval_steps_per_second": 5.787,
      "step": 29
    },
    {
      "epoch": 2.0,
      "eval_accuracy": 0.6424870466321243,
      "eval_confusion_matrix": [
        [
          46,
          12,
          11
        ],
        [
          245,
          1139,
          408
        ],
        [
          3,
          11,
          55
        ]
      ],
      "eval_f1_con": 0.20257826887661143,
      "eval_f1_ent": 0.2534435261707989,
      "eval_f1_macro": 0.40905984908260556,
      "eval_f1_micro": 0.6424870466321243,
      "eval_f1_neu": 0.7711577522004063,
      "eval_f1_weighted": 0.7323213449748184,
      "eval_loss": 1.0785257816314697,
      "eval_precision_con": 0.1160337552742616,
      "eval_precision_ent": 0.1564625850340136,
      "eval_precision_macro": 0.4175676269185932,
      "eval_precision_micro": 0.6424870466321243,
      "eval_precision_neu": 0.9802065404475043,
      "eval_precision_weighted": 0.9198613305508802,
      "eval_recall_con": 0.7971014492753623,
      "eval_recall_ent": 0.6666666666666666,
      "eval_recall_macro": 0.6997902648378193,
      "eval_recall_micro": 0.6424870466321243,
      "eval_recall_neu": 0.6356026785714286,
      "eval_recall_weighted": 0.6424870466321243,
      "eval_runtime": 56.1507,
      "eval_samples_per_second": 34.372,
      "eval_steps_per_second": 4.31,
      "step": 58
    },
    {
      "epoch": 3.0,
      "eval_accuracy": 0.4305699481865285,
      "eval_confusion_matrix": [
        [
          58,
          3,
          8
        ],
        [
          611,
          718,
          463
        ],
        [
          11,
          3,
          55
        ]
      ],
      "eval_f1_con": 0.18487394957983194,
      "eval_f1_ent": 0.1548731642189586,
      "eval_f1_macro": 0.30349811053494397,
      "eval_f1_micro": 0.4305699481865285,
      "eval_f1_neu": 0.5707472178060413,
      "eval_f1_weighted": 0.5420837125184158,
      "eval_loss": 2.59509539604187,
      "eval_precision_con": 0.10456273764258556,
      "eval_precision_ent": 0.08529411764705883,
      "eval_precision_macro": 0.3938565208239882,
      "eval_precision_micro": 0.4305699481865285,
      "eval_precision_neu": 0.9917127071823204,
      "eval_precision_weighted": 0.9275903079200537,
      "eval_recall_con": 0.7971014492753623,
      "eval_recall_ent": 0.8405797101449275,
      "eval_recall_macro": 0.6794502674258108,
      "eval_recall_micro": 0.4305699481865285,
      "eval_recall_neu": 0.40066964285714285,
      "eval_recall_weighted": 0.4305699481865285,
      "eval_runtime": 39.7484,
      "eval_samples_per_second": 48.555,
      "eval_steps_per_second": 6.088,
      "step": 87
    },
    {
      "epoch": 4.0,
      "eval_accuracy": 0.5357512953367876,
      "eval_confusion_matrix": [
        [
          53,
          9,
          7
        ],
        [
          421,
          926,
          445
        ],
        [
          8,
          6,
          55
        ]
      ],
      "eval_f1_con": 0.1909722222222222,
      "eval_f1_ent": 0.19237749546279492,
      "eval_f1_macro": 0.3536644442533421,
      "eval_f1_micro": 0.5357512953367876,
      "eval_f1_neu": 0.6776436150750091,
      "eval_f1_weighted": 0.6428955900179701,
      "eval_loss": 2.4395978450775146,
      "eval_precision_con": 0.10848126232741617,
      "eval_precision_ent": 0.10995850622406639,
      "eval_precision_macro": 0.4008330932366082,
      "eval_precision_micro": 0.5357512953367876,
      "eval_precision_neu": 0.9840595111583422,
      "eval_precision_weighted": 0.9215062114123322,
      "eval_recall_con": 0.7971014492753623,
      "eval_recall_ent": 0.7681159420289855,
      "eval_recall_macro": 0.6939861542443064,
      "eval_recall_micro": 0.5357512953367876,
      "eval_recall_neu": 0.5167410714285714,
      "eval_recall_weighted": 0.5357512953367876,
      "eval_runtime": 41.5985,
      "eval_samples_per_second": 46.396,
      "eval_steps_per_second": 5.818,
      "step": 116
    },
    {
      "epoch": 4.8384279475982535,
      "eval_accuracy": 0.5072538860103627,
      "eval_confusion_matrix": [
        [
          53,
          7,
          9
        ],
        [
          422,
          869,
          501
        ],
        [
          6,
          6,
          57
        ]
      ],
      "eval_f1_con": 0.1792452830188679,
      "eval_f1_ent": 0.19272727272727272,
      "eval_f1_macro": 0.3406450528627749,
      "eval_f1_micro": 0.5072538860103627,
      "eval_f1_neu": 0.649962602842184,
      "eval_f1_weighted": 0.6167870935956878,
      "eval_loss": 2.756399154663086,
      "eval_precision_con": 0.10052910052910052,
      "eval_precision_ent": 0.1101871101871102,
      "eval_precision_macro": 0.3986589938970891,
      "eval_precision_micro": 0.5072538860103627,
      "eval_precision_neu": 0.9852607709750567,
      "eval_precision_weighted": 0.9223454508428602,
      "eval_recall_con": 0.8260869565217391,
      "eval_recall_ent": 0.7681159420289855,
      "eval_recall_macro": 0.69304531142167,
      "eval_recall_micro": 0.5072538860103627,
      "eval_recall_neu": 0.4849330357142857,
      "eval_recall_weighted": 0.5072538860103627,
      "eval_runtime": 32.8115,
      "eval_samples_per_second": 58.821,
      "eval_steps_per_second": 7.375,
      "step": 140
    },
    {
      "epoch": 4.8384279475982535,
      "step": 140,
      "total_flos": 2330174215249920.0,
      "train_loss": 0.35784923008510044,
      "train_runtime": 1003.7401,
      "train_samples_per_second": 9.116,
      "train_steps_per_second": 0.139
    }
  ],
  "logging_steps": 500,
  "max_steps": 140,
  "num_input_tokens_seen": 0,
  "num_train_epochs": 5,
  "save_steps": 500,
  "stateful_callbacks": {
    "TrainerControl": {
      "args": {
        "should_epoch_stop": false,
        "should_evaluate": false,
        "should_log": false,
        "should_save": true,
        "should_training_stop": true
      },
      "attributes": {}
    }
  },
  "total_flos": 2330174215249920.0,
  "train_batch_size": 8,
  "trial_name": null,
  "trial_params": null
}
