{
  "best_metric": 0.09044760634356011,
  "best_model_checkpoint": "/gaueko1/users/murruela002/APP1/NLIsrc/RV/outputs_secuencia/datos_secuencia/1_1568/checkpoint-95",
  "epoch": 4.784313725490196,
  "eval_steps": 500,
  "global_step": 95,
  "is_hyper_param_search": false,
  "is_local_process_zero": true,
  "is_world_process_zero": true,
  "log_history": [
    {
      "epoch": 1.0,
      "eval_accuracy": 0.9629231595916175,
      "eval_confusion_matrix": [
        [
          1792,
          0,
          0
        ],
        [
          24,
          0,
          0
        ],
        [
          45,
          0,
          0
        ]
      ],
      "eval_f1_a_s": 0.0,
      "eval_f1_att": 0.0,
      "eval_f1_macro": 0.3270371384250388,
      "eval_f1_micro": 0.9629231595916175,
      "eval_f1_norel": 0.9811114152751164,
      "eval_f1_supp": 0.0,
      "eval_f1_weighted": 0.9447349039081185,
      "eval_loss": 0.7154551148414612,
      "eval_precision_att": 0.0,
      "eval_precision_macro": 0.32097438653053917,
      "eval_precision_micro": 0.9629231595916175,
      "eval_precision_norel": 0.9629231595916175,
      "eval_precision_supp": 0.0,
      "eval_precision_weighted": 0.9272210112779036,
      "eval_recall_att": 0.0,
      "eval_recall_macro": 0.3333333333333333,
      "eval_recall_micro": 0.9629231595916175,
      "eval_recall_norel": 1.0,
      "eval_recall_supp": 0.0,
      "eval_recall_weighted": 0.9629231595916175,
      "eval_runtime": 18.4641,
      "eval_samples_per_second": 100.79,
      "eval_steps_per_second": 12.619,
      "step": 20
    },
    {
      "epoch": 2.0,
      "eval_accuracy": 0.5400322407307899,
      "eval_confusion_matrix": [
        [
          968,
          82,
          742
        ],
        [
          2,
          3,
          19
        ],
        [
          9,
          2,
          34
        ]
      ],
      "eval_f1_a_s": 0.0675032175032175,
      "eval_f1_att": 0.05405405405405406,
      "eval_f1_macro": 0.2778903923256143,
      "eval_f1_micro": 0.5400322407307899,
      "eval_f1_norel": 0.6986647419704078,
      "eval_f1_supp": 0.08095238095238096,
      "eval_f1_weighted": 0.6754150306561661,
      "eval_loss": 0.8028924465179443,
      "eval_precision_att": 0.034482758620689655,
      "eval_precision_macro": 0.3553380330539981,
      "eval_precision_micro": 0.5400322407307899,
      "eval_precision_norel": 0.9887640449438202,
      "eval_precision_supp": 0.042767295597484274,
      "eval_precision_weighted": 0.9535826346309023,
      "eval_recall_att": 0.125,
      "eval_recall_macro": 0.4735780423280423,
      "eval_recall_micro": 0.5400322407307899,
      "eval_recall_norel": 0.5401785714285714,
      "eval_recall_supp": 0.7555555555555555,
      "eval_recall_weighted": 0.5400322407307899,
      "eval_runtime": 18.1526,
      "eval_samples_per_second": 102.52,
      "eval_steps_per_second": 12.836,
      "step": 40
    },
    {
      "epoch": 3.0,
      "eval_accuracy": 0.4062332079527136,
      "eval_confusion_matrix": [
        [
          714,
          146,
          932
        ],
        [
          0,
          8,
          16
        ],
        [
          7,
          4,
          34
        ]
      ],
      "eval_f1_a_s": 0.07706217832800111,
      "eval_f1_att": 0.08791208791208792,
      "eval_f1_macro": 0.24078982733473053,
      "eval_f1_micro": 0.4062332079527136,
      "eval_f1_norel": 0.5682451253481894,
      "eval_f1_supp": 0.06621226874391431,
      "eval_f1_weighted": 0.5499111804553045,
      "eval_loss": 1.2607778310775757,
      "eval_precision_att": 0.05063291139240506,
      "eval_precision_macro": 0.35851579715031145,
      "eval_precision_micro": 0.4062332079527136,
      "eval_precision_norel": 0.9902912621359223,
      "eval_precision_supp": 0.034623217922606926,
      "eval_precision_weighted": 0.9550645762641095,
      "eval_recall_att": 0.3333333333333333,
      "eval_recall_macro": 0.49577546296296293,
      "eval_recall_micro": 0.4062332079527136,
      "eval_recall_norel": 0.3984375,
      "eval_recall_supp": 0.7555555555555555,
      "eval_recall_weighted": 0.4062332079527136,
      "eval_runtime": 18.1556,
      "eval_samples_per_second": 102.503,
      "eval_steps_per_second": 12.834,
      "step": 60
    },
    {
      "epoch": 4.0,
      "eval_accuracy": 0.3938742611499194,
      "eval_confusion_matrix": [
        [
          688,
          496,
          608
        ],
        [
          1,
          19,
          4
        ],
        [
          5,
          14,
          26
        ]
      ],
      "eval_f1_a_s": 0.07242539694306843,
      "eval_f1_att": 0.06871609403254973,
      "eval_f1_macro": 0.23278346387784074,
      "eval_f1_micro": 0.3938742611499194,
      "eval_f1_norel": 0.5534995977473853,
      "eval_f1_supp": 0.07613469985358712,
      "eval_f1_weighted": 0.5357047431023682,
      "eval_loss": 2.060580253601074,
      "eval_precision_att": 0.035916824196597356,
      "eval_precision_macro": 0.35600788071752193,
      "eval_precision_micro": 0.3938742611499194,
      "eval_precision_norel": 0.9913544668587896,
      "eval_precision_supp": 0.04075235109717868,
      "eval_precision_weighted": 0.9560467835524139,
      "eval_recall_att": 0.7916666666666666,
      "eval_recall_macro": 0.584457671957672,
      "eval_recall_micro": 0.3938742611499194,
      "eval_recall_norel": 0.38392857142857145,
      "eval_recall_supp": 0.5777777777777777,
      "eval_recall_weighted": 0.3938742611499194,
      "eval_runtime": 18.1804,
      "eval_samples_per_second": 102.363,
      "eval_steps_per_second": 12.816,
      "step": 80
    },
    {
      "epoch": 4.784313725490196,
      "eval_accuracy": 0.3879634605051048,
      "eval_confusion_matrix": [
        [
          676,
          168,
          948
        ],
        [
          1,
          12,
          11
        ],
        [
          7,
          4,
          34
        ]
      ],
      "eval_f1_a_s": 0.09044760634356011,
      "eval_f1_att": 0.11538461538461539,
      "eval_f1_macro": 0.24231240530604603,
      "eval_f1_micro": 0.3879634605051048,
      "eval_f1_norel": 0.5460420032310178,
      "eval_f1_supp": 0.06551059730250482,
      "eval_f1_weighted": 0.5288686068983489,
      "eval_loss": 1.7314552068710327,
      "eval_precision_att": 0.06521739130434782,
      "eval_precision_macro": 0.3625870542052696,
      "eval_precision_micro": 0.3879634605051048,
      "eval_precision_norel": 0.9883040935672515,
      "eval_precision_supp": 0.03423967774420947,
      "eval_precision_weighted": 0.9533298971318154,
      "eval_recall_att": 0.5,
      "eval_recall_macro": 0.5442625661375661,
      "eval_recall_micro": 0.3879634605051048,
      "eval_recall_norel": 0.37723214285714285,
      "eval_recall_supp": 0.7555555555555555,
      "eval_recall_weighted": 0.3879634605051048,
      "eval_runtime": 20.7736,
      "eval_samples_per_second": 89.585,
      "eval_steps_per_second": 11.216,
      "step": 95
    },
    {
      "epoch": 4.784313725490196,
      "step": 95,
      "total_flos": 1536582359531520.0,
      "train_loss": 0.6826711554276316,
      "train_runtime": 381.4161,
      "train_samples_per_second": 15.993,
      "train_steps_per_second": 0.249
    }
  ],
  "logging_steps": 500,
  "max_steps": 95,
  "num_input_tokens_seen": 0,
  "num_train_epochs": 5,
  "save_steps": 500,
  "stateful_callbacks": {
    "TrainerControl": {
      "args": {
        "should_epoch_stop": false,
        "should_evaluate": false,
        "should_log": false,
        "should_save": true,
        "should_training_stop": true
      },
      "attributes": {}
    }
  },
  "total_flos": 1536582359531520.0,
  "train_batch_size": 8,
  "trial_name": null,
  "trial_params": null
}
