{
  "eval_loss": 1.817893147468567,
  "eval_accuracy": 0.3567974207415368,
  "eval_f1_micro": 0.3567974207415368,
  "eval_f1_macro": 0.21616569012635103,
  "eval_f1_weighted": 0.4965156832401691,
  "eval_f1_norel": 0.5130326851468763,
  "eval_f1_att": 0.06832298136645963,
  "eval_f1_supp": 0.0671414038657172,
  "eval_f1_a_s": 0.06773219261608841,
  "eval_precision_micro": 0.3567974207415368,
  "eval_precision_macro": 0.3546979961172088,
  "eval_precision_weighted": 0.9565465135360497,
  "eval_precision_norel": 0.992,
  "eval_precision_att": 0.03691275167785235,
  "eval_precision_supp": 0.035181236673773986,
  "eval_recall_micro": 0.3567974207415368,
  "eval_recall_macro": 0.5125496031746032,
  "eval_recall_weighted": 0.3567974207415368,
  "eval_recall_norel": 0.34598214285714285,
  "eval_recall_att": 0.4583333333333333,
  "eval_recall_supp": 0.7333333333333333,
  "eval_confusion_matrix": [
    [
      620,
      280,
      892
    ],
    [
      0,
      11,
      13
    ],
    [
      5,
      7,
      33
    ]
  ],
  "eval_runtime": 18.3671,
  "eval_samples_per_second": 101.322,
  "eval_steps_per_second": 12.686,
  "epoch": 4.784313725490196
}