{
  "best_metric": 0.08548541367766618,
  "best_model_checkpoint": "/gaueko1/users/murruela002/APP1/NLIsrc/RV/outputs_secuencia/datos_secuencia/1_3000/checkpoint-40",
  "epoch": 4.784313725490196,
  "eval_steps": 500,
  "global_step": 95,
  "is_hyper_param_search": false,
  "is_local_process_zero": true,
  "is_world_process_zero": true,
  "log_history": [
    {
      "epoch": 1.0,
      "eval_accuracy": 0.9629231595916175,
      "eval_confusion_matrix": [
        [
          1792,
          0,
          0
        ],
        [
          24,
          0,
          0
        ],
        [
          45,
          0,
          0
        ]
      ],
      "eval_f1_a_s": 0.0,
      "eval_f1_att": 0.0,
      "eval_f1_macro": 0.3270371384250388,
      "eval_f1_micro": 0.9629231595916175,
      "eval_f1_norel": 0.9811114152751164,
      "eval_f1_supp": 0.0,
      "eval_f1_weighted": 0.9447349039081185,
      "eval_loss": 0.767911434173584,
      "eval_precision_att": 0.0,
      "eval_precision_macro": 0.32097438653053917,
      "eval_precision_micro": 0.9629231595916175,
      "eval_precision_norel": 0.9629231595916175,
      "eval_precision_supp": 0.0,
      "eval_precision_weighted": 0.9272210112779036,
      "eval_recall_att": 0.0,
      "eval_recall_macro": 0.3333333333333333,
      "eval_recall_micro": 0.9629231595916175,
      "eval_recall_norel": 1.0,
      "eval_recall_supp": 0.0,
      "eval_recall_weighted": 0.9629231595916175,
      "eval_runtime": 18.5998,
      "eval_samples_per_second": 100.055,
      "eval_steps_per_second": 12.527,
      "step": 20
    },
    {
      "epoch": 2.0,
      "eval_accuracy": 0.7103707684040839,
      "eval_confusion_matrix": [
        [
          1292,
          170,
          330
        ],
        [
          9,
          5,
          10
        ],
        [
          15,
          5,
          25
        ]
      ],
      "eval_f1_a_s": 0.08548541367766618,
      "eval_f1_att": 0.049019607843137254,
      "eval_f1_macro": 0.334124552919388,
      "eval_f1_micro": 0.7103707684040839,
      "eval_f1_norel": 0.8314028314028314,
      "eval_f1_supp": 0.12195121951219512,
      "eval_f1_weighted": 0.8041580598281344,
      "eval_loss": 0.6580665707588196,
      "eval_precision_att": 0.027777777777777776,
      "eval_precision_macro": 0.35934461546528,
      "eval_precision_micro": 0.7103707684040839,
      "eval_precision_norel": 0.9817629179331308,
      "eval_precision_supp": 0.0684931506849315,
      "eval_precision_weighted": 0.9473766831723046,
      "eval_recall_att": 0.20833333333333334,
      "eval_recall_macro": 0.49495701058201064,
      "eval_recall_micro": 0.7103707684040839,
      "eval_recall_norel": 0.7209821428571429,
      "eval_recall_supp": 0.5555555555555556,
      "eval_recall_weighted": 0.7103707684040839,
      "eval_runtime": 18.4374,
      "eval_samples_per_second": 100.936,
      "eval_steps_per_second": 12.637,
      "step": 40
    },
    {
      "epoch": 3.0,
      "eval_accuracy": 0.19344438473938744,
      "eval_confusion_matrix": [
        [
          318,
          332,
          1142
        ],
        [
          0,
          9,
          15
        ],
        [
          4,
          8,
          33
        ]
      ],
      "eval_f1_a_s": 0.0508493341003571,
      "eval_f1_att": 0.04825737265415549,
      "eval_f1_macro": 0.13418337820503148,
      "eval_f1_micro": 0.19344438473938744,
      "eval_f1_norel": 0.3008514664143803,
      "eval_f1_supp": 0.05344129554655871,
      "eval_f1_weighted": 0.2916114256087396,
      "eval_loss": 2.340693235397339,
      "eval_precision_att": 0.025787965616045846,
      "eval_precision_macro": 0.34703223260152444,
      "eval_precision_micro": 0.19344438473938744,
      "eval_precision_norel": 0.9875776397515528,
      "eval_precision_supp": 0.02773109243697479,
      "eval_precision_weighted": 0.9519645033687434,
      "eval_recall_att": 0.375,
      "eval_recall_macro": 0.4285962301587302,
      "eval_recall_micro": 0.19344438473938744,
      "eval_recall_norel": 0.17745535714285715,
      "eval_recall_supp": 0.7333333333333333,
      "eval_recall_weighted": 0.19344438473938744,
      "eval_runtime": 18.2641,
      "eval_samples_per_second": 101.894,
      "eval_steps_per_second": 12.757,
      "step": 60
    },
    {
      "epoch": 4.0,
      "eval_accuracy": 0.2831810854379366,
      "eval_confusion_matrix": [
        [
          478,
          800,
          514
        ],
        [
          0,
          23,
          1
        ],
        [
          3,
          16,
          26
        ]
      ],
      "eval_f1_a_s": 0.071019817368573,
      "eval_f1_att": 0.05330243337195829,
      "eval_f1_macro": 0.1875430546645451,
      "eval_f1_micro": 0.2831810854379366,
      "eval_f1_norel": 0.42058952925648924,
      "eval_f1_supp": 0.08873720136518772,
      "eval_f1_weighted": 0.40782851632992434,
      "eval_loss": 2.150707483291626,
      "eval_precision_att": 0.027413587604290822,
      "eval_precision_macro": 0.3564119103633401,
      "eval_precision_micro": 0.2831810854379366,
      "eval_precision_norel": 0.9937629937629938,
      "eval_precision_supp": 0.04805914972273567,
      "eval_precision_weighted": 0.9584330320598125,
      "eval_recall_att": 0.9583333333333334,
      "eval_recall_macro": 0.6009507275132275,
      "eval_recall_micro": 0.2831810854379366,
      "eval_recall_norel": 0.26674107142857145,
      "eval_recall_supp": 0.5777777777777777,
      "eval_recall_weighted": 0.2831810854379366,
      "eval_runtime": 18.5122,
      "eval_samples_per_second": 100.528,
      "eval_steps_per_second": 12.586,
      "step": 80
    },
    {
      "epoch": 4.784313725490196,
      "eval_accuracy": 0.3567974207415368,
      "eval_confusion_matrix": [
        [
          620,
          280,
          892
        ],
        [
          0,
          11,
          13
        ],
        [
          5,
          7,
          33
        ]
      ],
      "eval_f1_a_s": 0.06773219261608841,
      "eval_f1_att": 0.06832298136645963,
      "eval_f1_macro": 0.21616569012635103,
      "eval_f1_micro": 0.3567974207415368,
      "eval_f1_norel": 0.5130326851468763,
      "eval_f1_supp": 0.0671414038657172,
      "eval_f1_weighted": 0.4965156832401691,
      "eval_loss": 1.817893147468567,
      "eval_precision_att": 0.03691275167785235,
      "eval_precision_macro": 0.3546979961172088,
      "eval_precision_micro": 0.3567974207415368,
      "eval_precision_norel": 0.992,
      "eval_precision_supp": 0.035181236673773986,
      "eval_precision_weighted": 0.9565465135360497,
      "eval_recall_att": 0.4583333333333333,
      "eval_recall_macro": 0.5125496031746032,
      "eval_recall_micro": 0.3567974207415368,
      "eval_recall_norel": 0.34598214285714285,
      "eval_recall_supp": 0.7333333333333333,
      "eval_recall_weighted": 0.3567974207415368,
      "eval_runtime": 18.2939,
      "eval_samples_per_second": 101.728,
      "eval_steps_per_second": 12.737,
      "step": 95
    },
    {
      "epoch": 4.784313725490196,
      "step": 95,
      "total_flos": 1536582359531520.0,
      "train_loss": 0.6831995110762746,
      "train_runtime": 384.117,
      "train_samples_per_second": 15.881,
      "train_steps_per_second": 0.247
    }
  ],
  "logging_steps": 500,
  "max_steps": 95,
  "num_input_tokens_seen": 0,
  "num_train_epochs": 5,
  "save_steps": 500,
  "stateful_callbacks": {
    "TrainerControl": {
      "args": {
        "should_epoch_stop": false,
        "should_evaluate": false,
        "should_log": false,
        "should_save": true,
        "should_training_stop": true
      },
      "attributes": {}
    }
  },
  "total_flos": 1536582359531520.0,
  "train_batch_size": 8,
  "trial_name": null,
  "trial_params": null
}
