{
  "eval_loss": 1.0220375061035156,
  "eval_accuracy": 0.6544041450777202,
  "eval_f1_micro": 0.6544041450777202,
  "eval_f1_macro": 0.4151020300402157,
  "eval_f1_weighted": 0.7413426014971325,
  "eval_f1_ent": 0.2558139534883721,
  "eval_f1_neu": 0.7805369127516778,
  "eval_f1_con": 0.208955223880597,
  "eval_precision_micro": 0.6544041450777202,
  "eval_precision_macro": 0.41962352528376795,
  "eval_precision_weighted": 0.9189656229146748,
  "eval_precision_ent": 0.16,
  "eval_precision_neu": 0.9789562289562289,
  "eval_precision_con": 0.11991434689507495,
  "eval_recall_micro": 0.6544041450777202,
  "eval_recall_macro": 0.6994236326777088,
  "eval_recall_weighted": 0.6544041450777202,
  "eval_recall_ent": 0.6376811594202898,
  "eval_recall_neu": 0.6489955357142857,
  "eval_recall_con": 0.8115942028985508,
  "eval_confusion_matrix": [
    [
      44,
      15,
      10
    ],
    [
      228,
      1163,
      401
    ],
    [
      3,
      10,
      56
    ]
  ],
  "eval_runtime": 31.8169,
  "eval_samples_per_second": 60.66,
  "eval_steps_per_second": 7.606,
  "epoch": 4.8384279475982535
}