{
  "eval_loss": 2.1422157287597656,
  "eval_accuracy": 0.3019881783987104,
  "eval_f1_micro": 0.3019881783987104,
  "eval_f1_macro": 0.1955736538630185,
  "eval_f1_weighted": 0.4290282839395328,
  "eval_f1_norel": 0.4427083333333333,
  "eval_f1_att": 0.06629834254143646,
  "eval_f1_supp": 0.07771428571428571,
  "eval_f1_a_s": 0.07200631412786108,
  "eval_precision_micro": 0.3019881783987104,
  "eval_precision_macro": 0.3572465621155141,
  "eval_precision_weighted": 0.9605995397292705,
  "eval_precision_norel": 0.99609375,
  "eval_precision_att": 0.03468208092485549,
  "eval_precision_supp": 0.04096385542168675,
  "eval_recall_micro": 0.3019881783987104,
  "eval_recall_macro": 0.5967179232804233,
  "eval_recall_weighted": 0.3019881783987104,
  "eval_recall_norel": 0.2845982142857143,
  "eval_recall_att": 0.75,
  "eval_recall_supp": 0.7555555555555555,
  "eval_confusion_matrix": [
    [
      510,
      492,
      790
    ],
    [
      0,
      18,
      6
    ],
    [
      2,
      9,
      34
    ]
  ],
  "eval_runtime": 18.4392,
  "eval_samples_per_second": 100.926,
  "eval_steps_per_second": 12.636,
  "epoch": 4.784313725490196
}