{
  "best_metric": 0.07200631412786108,
  "best_model_checkpoint": "/gaueko1/users/murruela002/APP1/NLIsrc/RV/outputs_secuencia/datos_secuencia/1_2452/checkpoint-95",
  "epoch": 4.784313725490196,
  "eval_steps": 500,
  "global_step": 95,
  "is_hyper_param_search": false,
  "is_local_process_zero": true,
  "is_world_process_zero": true,
  "log_history": [
    {
      "epoch": 1.0,
      "eval_accuracy": 0.9629231595916175,
      "eval_confusion_matrix": [
        [
          1792,
          0,
          0
        ],
        [
          24,
          0,
          0
        ],
        [
          45,
          0,
          0
        ]
      ],
      "eval_f1_a_s": 0.0,
      "eval_f1_att": 0.0,
      "eval_f1_macro": 0.3270371384250388,
      "eval_f1_micro": 0.9629231595916175,
      "eval_f1_norel": 0.9811114152751164,
      "eval_f1_supp": 0.0,
      "eval_f1_weighted": 0.9447349039081185,
      "eval_loss": 0.4722830057144165,
      "eval_precision_att": 0.0,
      "eval_precision_macro": 0.32097438653053917,
      "eval_precision_micro": 0.9629231595916175,
      "eval_precision_norel": 0.9629231595916175,
      "eval_precision_supp": 0.0,
      "eval_precision_weighted": 0.9272210112779036,
      "eval_recall_att": 0.0,
      "eval_recall_macro": 0.3333333333333333,
      "eval_recall_micro": 0.9629231595916175,
      "eval_recall_norel": 1.0,
      "eval_recall_supp": 0.0,
      "eval_recall_weighted": 0.9629231595916175,
      "eval_runtime": 18.5036,
      "eval_samples_per_second": 100.575,
      "eval_steps_per_second": 12.592,
      "step": 20
    },
    {
      "epoch": 2.0,
      "eval_accuracy": 0.41321869962385815,
      "eval_confusion_matrix": [
        [
          734,
          68,
          990
        ],
        [
          0,
          2,
          22
        ],
        [
          7,
          5,
          33
        ]
      ],
      "eval_f1_a_s": 0.050477249559818374,
      "eval_f1_att": 0.04040404040404041,
      "eval_f1_macro": 0.2268348133004395,
      "eval_f1_micro": 0.41321869962385815,
      "eval_f1_norel": 0.5795499407816818,
      "eval_f1_supp": 0.060550458715596334,
      "eval_f1_weighted": 0.5600472657134188,
      "eval_loss": 1.4442923069000244,
      "eval_precision_att": 0.02666666666666667,
      "eval_precision_macro": 0.34959964012595596,
      "eval_precision_micro": 0.41321869962385815,
      "eval_precision_norel": 0.99055330634278,
      "eval_precision_supp": 0.031578947368421054,
      "eval_precision_weighted": 0.9549342168714889,
      "eval_recall_att": 0.08333333333333333,
      "eval_recall_macro": 0.4087549603174603,
      "eval_recall_micro": 0.41321869962385815,
      "eval_recall_norel": 0.4095982142857143,
      "eval_recall_supp": 0.7333333333333333,
      "eval_recall_weighted": 0.41321869962385815,
      "eval_runtime": 18.1979,
      "eval_samples_per_second": 102.265,
      "eval_steps_per_second": 12.804,
      "step": 40
    },
    {
      "epoch": 3.0,
      "eval_accuracy": 0.34981192907039227,
      "eval_confusion_matrix": [
        [
          616,
          730,
          446
        ],
        [
          0,
          20,
          4
        ],
        [
          4,
          26,
          15
        ]
      ],
      "eval_f1_a_s": 0.054411764705882354,
      "eval_f1_att": 0.05,
      "eval_f1_macro": 0.2065343218547784,
      "eval_f1_micro": 0.34981192907039227,
      "eval_f1_norel": 0.5107794361525705,
      "eval_f1_supp": 0.058823529411764705,
      "eval_f1_weighted": 0.49390854831216324,
      "eval_loss": 1.8125239610671997,
      "eval_precision_att": 0.02577319587628866,
      "eval_precision_macro": 0.35052654916306397,
      "eval_precision_micro": 0.34981192907039227,
      "eval_precision_norel": 0.9935483870967742,
      "eval_precision_supp": 0.03225806451612903,
      "eval_precision_weighted": 0.9578231484587191,
      "eval_recall_att": 0.8333333333333334,
      "eval_recall_macro": 0.5034722222222222,
      "eval_recall_micro": 0.34981192907039227,
      "eval_recall_norel": 0.34375,
      "eval_recall_supp": 0.3333333333333333,
      "eval_recall_weighted": 0.34981192907039227,
      "eval_runtime": 18.2146,
      "eval_samples_per_second": 102.171,
      "eval_steps_per_second": 12.792,
      "step": 60
    },
    {
      "epoch": 4.0,
      "eval_accuracy": 0.26652337452982267,
      "eval_confusion_matrix": [
        [
          446,
          506,
          840
        ],
        [
          0,
          17,
          7
        ],
        [
          2,
          10,
          33
        ]
      ],
      "eval_f1_a_s": 0.0661963219952448,
      "eval_f1_att": 0.06104129263913824,
      "eval_f1_macro": 0.17686897656825842,
      "eval_f1_micro": 0.26652337452982267,
      "eval_f1_norel": 0.3982142857142857,
      "eval_f1_supp": 0.07135135135135136,
      "eval_f1_weighted": 0.3859622793305481,
      "eval_loss": 2.4277873039245605,
      "eval_precision_att": 0.03189493433395872,
      "eval_precision_macro": 0.3549768828732243,
      "eval_precision_micro": 0.26652337452982267,
      "eval_precision_norel": 0.9955357142857143,
      "eval_precision_supp": 0.0375,
      "eval_precision_weighted": 0.9599424924363327,
      "eval_recall_att": 0.7083333333333334,
      "eval_recall_macro": 0.563516865079365,
      "eval_recall_micro": 0.26652337452982267,
      "eval_recall_norel": 0.24888392857142858,
      "eval_recall_supp": 0.7333333333333333,
      "eval_recall_weighted": 0.26652337452982267,
      "eval_runtime": 18.1543,
      "eval_samples_per_second": 102.51,
      "eval_steps_per_second": 12.834,
      "step": 80
    },
    {
      "epoch": 4.784313725490196,
      "eval_accuracy": 0.3019881783987104,
      "eval_confusion_matrix": [
        [
          510,
          492,
          790
        ],
        [
          0,
          18,
          6
        ],
        [
          2,
          9,
          34
        ]
      ],
      "eval_f1_a_s": 0.07200631412786108,
      "eval_f1_att": 0.06629834254143646,
      "eval_f1_macro": 0.1955736538630185,
      "eval_f1_micro": 0.3019881783987104,
      "eval_f1_norel": 0.4427083333333333,
      "eval_f1_supp": 0.07771428571428571,
      "eval_f1_weighted": 0.4290282839395328,
      "eval_loss": 2.1422157287597656,
      "eval_precision_att": 0.03468208092485549,
      "eval_precision_macro": 0.3572465621155141,
      "eval_precision_micro": 0.3019881783987104,
      "eval_precision_norel": 0.99609375,
      "eval_precision_supp": 0.04096385542168675,
      "eval_precision_weighted": 0.9605995397292705,
      "eval_recall_att": 0.75,
      "eval_recall_macro": 0.5967179232804233,
      "eval_recall_micro": 0.3019881783987104,
      "eval_recall_norel": 0.2845982142857143,
      "eval_recall_supp": 0.7555555555555555,
      "eval_recall_weighted": 0.3019881783987104,
      "eval_runtime": 18.1934,
      "eval_samples_per_second": 102.29,
      "eval_steps_per_second": 12.807,
      "step": 95
    },
    {
      "epoch": 4.784313725490196,
      "step": 95,
      "total_flos": 1536582359531520.0,
      "train_loss": 0.6689267208701686,
      "train_runtime": 375.3909,
      "train_samples_per_second": 16.25,
      "train_steps_per_second": 0.253
    }
  ],
  "logging_steps": 500,
  "max_steps": 95,
  "num_input_tokens_seen": 0,
  "num_train_epochs": 5,
  "save_steps": 500,
  "stateful_callbacks": {
    "TrainerControl": {
      "args": {
        "should_epoch_stop": false,
        "should_evaluate": false,
        "should_log": false,
        "should_save": true,
        "should_training_stop": true
      },
      "attributes": {}
    }
  },
  "total_flos": 1536582359531520.0,
  "train_batch_size": 8,
  "trial_name": null,
  "trial_params": null
}
