{
    "optimal_threshold": 0.8188188188188188,
    "positive_accuracy": 0.861271676300578,
    "precision": 0.18024691358024691,
    "recall": 0.42196531791907516,
    "f1-score": 0.25259515570934254
}