{
  "eval_loss": 1.985322117805481,
  "eval_accuracy": 0.35948414830736164,
  "eval_f1_micro": 0.35948414830736164,
  "eval_f1_macro": 0.2302916488285185,
  "eval_f1_weighted": 0.4968317193798396,
  "eval_f1_norel": 0.5128205128205128,
  "eval_f1_att": 0.11347517730496454,
  "eval_f1_supp": 0.06457925636007827,
  "eval_f1_a_s": 0.0890272168325214,
  "eval_precision_micro": 0.35948414830736164,
  "eval_precision_macro": 0.36206923576746003,
  "eval_precision_weighted": 0.9553103773785732,
  "eval_precision_norel": 0.9904153354632588,
  "eval_precision_att": 0.06201550387596899,
  "eval_precision_supp": 0.033776867963152504,
  "eval_recall_micro": 0.35948414830736164,
  "eval_recall_macro": 0.5819940476190476,
  "eval_recall_weighted": 0.35948414830736164,
  "eval_recall_norel": 0.34598214285714285,
  "eval_recall_att": 0.6666666666666666,
  "eval_recall_supp": 0.7333333333333333,
  "eval_confusion_matrix": [
    [
      620,
      236,
      936
    ],
    [
      0,
      16,
      8
    ],
    [
      6,
      6,
      33
    ]
  ],
  "eval_runtime": 28.7529,
  "eval_samples_per_second": 64.724,
  "eval_steps_per_second": 8.104,
  "epoch": 4.784313725490196
}