{
    "optimal_threshold": 0.02702702702702703,
    "positive_accuracy": 0.5317919075144508,
    "precision": 0.05777310924369748,
    "recall": 0.3179190751445087,
    "f1-score": 0.09777777777777778
}