{
    "optimal_threshold": 0.7137137137137137,
    "positive_accuracy": 0.7839195979899497,
    "precision": 0.17790262172284643,
    "recall": 0.47738693467336685,
    "f1-score": 0.2592087312414734
}