{
  "eval_loss": 1.6792354583740234,
  "eval_accuracy": 0.3745298226759807,
  "eval_f1_micro": 0.3745298226759807,
  "eval_f1_macro": 0.22510860399539545,
  "eval_f1_weighted": 0.5153515645082234,
  "eval_f1_norel": 0.532462229481421,
  "eval_f1_att": 0.0729483282674772,
  "eval_f1_supp": 0.06991525423728813,
  "eval_f1_a_s": 0.07143179125238266,
  "eval_precision_micro": 0.3745298226759807,
  "eval_precision_macro": 0.3561471216480762,
  "eval_precision_weighted": 0.9569899786842239,
  "eval_precision_norel": 0.9923896499238964,
  "eval_precision_att": 0.03934426229508197,
  "eval_precision_supp": 0.03670745272525028,
  "eval_recall_micro": 0.3745298226759807,
  "eval_recall_macro": 0.532390873015873,
  "eval_recall_weighted": 0.3745298226759807,
  "eval_recall_norel": 0.3638392857142857,
  "eval_recall_att": 0.5,
  "eval_recall_supp": 0.7333333333333333,
  "eval_confusion_matrix": [
    [
      652,
      286,
      854
    ],
    [
      0,
      12,
      12
    ],
    [
      5,
      7,
      33
    ]
  ],
  "eval_runtime": 18.3356,
  "eval_samples_per_second": 101.496,
  "eval_steps_per_second": 12.708,
  "epoch": 4.784313725490196
}