{
  "best_metric": 0.07756284459396318,
  "best_model_checkpoint": "/gaueko1/users/murruela002/APP1/NLIsrc/RV/outputs_secuencia/datos_secuencia/0_3000/checkpoint-40",
  "epoch": 4.784313725490196,
  "eval_steps": 500,
  "global_step": 95,
  "is_hyper_param_search": false,
  "is_local_process_zero": true,
  "is_world_process_zero": true,
  "log_history": [
    {
      "epoch": 1.0,
      "eval_accuracy": 0.9629231595916175,
      "eval_confusion_matrix": [
        [
          1792,
          0,
          0
        ],
        [
          24,
          0,
          0
        ],
        [
          45,
          0,
          0
        ]
      ],
      "eval_f1_a_s": 0.0,
      "eval_f1_att": 0.0,
      "eval_f1_macro": 0.3270371384250388,
      "eval_f1_micro": 0.9629231595916175,
      "eval_f1_norel": 0.9811114152751164,
      "eval_f1_supp": 0.0,
      "eval_f1_weighted": 0.9447349039081185,
      "eval_loss": 0.7611598968505859,
      "eval_precision_att": 0.0,
      "eval_precision_macro": 0.32097438653053917,
      "eval_precision_micro": 0.9629231595916175,
      "eval_precision_norel": 0.9629231595916175,
      "eval_precision_supp": 0.0,
      "eval_precision_weighted": 0.9272210112779036,
      "eval_recall_att": 0.0,
      "eval_recall_macro": 0.3333333333333333,
      "eval_recall_micro": 0.9629231595916175,
      "eval_recall_norel": 1.0,
      "eval_recall_supp": 0.0,
      "eval_recall_weighted": 0.9629231595916175,
      "eval_runtime": 18.7086,
      "eval_samples_per_second": 99.473,
      "eval_steps_per_second": 12.454,
      "step": 20
    },
    {
      "epoch": 2.0,
      "eval_accuracy": 0.8210639441160666,
      "eval_confusion_matrix": [
        [
          1510,
          92,
          190
        ],
        [
          12,
          2,
          10
        ],
        [
          24,
          5,
          16
        ]
      ],
      "eval_f1_a_s": 0.07756284459396318,
      "eval_f1_att": 0.032520325203252036,
      "eval_f1_macro": 0.3532863541551126,
      "eval_f1_micro": 0.8210639441160666,
      "eval_f1_norel": 0.9047333732774117,
      "eval_f1_supp": 0.12260536398467432,
      "eval_f1_weighted": 0.874572774904519,
      "eval_loss": 0.4744735658168793,
      "eval_precision_att": 0.020202020202020204,
      "eval_precision_macro": 0.3569967317272191,
      "eval_precision_micro": 0.8210639441160666,
      "eval_precision_norel": 0.9767141009055628,
      "eval_precision_supp": 0.07407407407407407,
      "eval_precision_weighted": 0.9425523109301184,
      "eval_recall_att": 0.08333333333333333,
      "eval_recall_macro": 0.4271742724867725,
      "eval_recall_micro": 0.8210639441160666,
      "eval_recall_norel": 0.8426339285714286,
      "eval_recall_supp": 0.35555555555555557,
      "eval_recall_weighted": 0.8210639441160666,
      "eval_runtime": 18.3573,
      "eval_samples_per_second": 101.377,
      "eval_steps_per_second": 12.693,
      "step": 40
    },
    {
      "epoch": 3.0,
      "eval_accuracy": 0.17947340139709833,
      "eval_confusion_matrix": [
        [
          296,
          1094,
          402
        ],
        [
          0,
          18,
          6
        ],
        [
          3,
          22,
          20
        ]
      ],
      "eval_f1_a_s": 0.05782733954802879,
      "eval_f1_att": 0.031088082901554404,
      "eval_f1_macro": 0.13292426813165256,
      "eval_f1_micro": 0.17947340139709833,
      "eval_f1_norel": 0.28311812529890007,
      "eval_f1_supp": 0.08456659619450317,
      "eval_f1_weighted": 0.2750667874014072,
      "eval_loss": 2.406970739364624,
      "eval_precision_att": 0.015873015873015872,
      "eval_precision_macro": 0.3508561810065263,
      "eval_precision_micro": 0.17947340139709833,
      "eval_precision_norel": 0.9899665551839465,
      "eval_precision_supp": 0.04672897196261682,
      "eval_precision_weighted": 0.9545963584142408,
      "eval_recall_att": 0.75,
      "eval_recall_macro": 0.4532076719576719,
      "eval_recall_micro": 0.17947340139709833,
      "eval_recall_norel": 0.16517857142857142,
      "eval_recall_supp": 0.4444444444444444,
      "eval_recall_weighted": 0.17947340139709833,
      "eval_runtime": 18.3409,
      "eval_samples_per_second": 101.467,
      "eval_steps_per_second": 12.704,
      "step": 60
    },
    {
      "epoch": 4.0,
      "eval_accuracy": 0.25738850080601827,
      "eval_confusion_matrix": [
        [
          430,
          726,
          636
        ],
        [
          0,
          22,
          2
        ],
        [
          3,
          15,
          27
        ]
      ],
      "eval_f1_a_s": 0.06598242568498666,
      "eval_f1_att": 0.05590851334180432,
      "eval_f1_macro": 0.17282723510085252,
      "eval_f1_micro": 0.25738850080601827,
      "eval_f1_norel": 0.3865168539325843,
      "eval_f1_supp": 0.07605633802816901,
      "eval_f1_weighted": 0.37474612669460605,
      "eval_loss": 2.061021089553833,
      "eval_precision_att": 0.028833551769331587,
      "eval_precision_macro": 0.3541688830207392,
      "eval_precision_micro": 0.25738850080601827,
      "eval_precision_norel": 0.9930715935334873,
      "eval_precision_supp": 0.0406015037593985,
      "eval_precision_weighted": 0.9576052490723513,
      "eval_recall_att": 0.9166666666666666,
      "eval_recall_macro": 0.5855406746031746,
      "eval_recall_micro": 0.25738850080601827,
      "eval_recall_norel": 0.23995535714285715,
      "eval_recall_supp": 0.6,
      "eval_recall_weighted": 0.25738850080601827,
      "eval_runtime": 18.3923,
      "eval_samples_per_second": 101.183,
      "eval_steps_per_second": 12.668,
      "step": 80
    },
    {
      "epoch": 4.784313725490196,
      "eval_accuracy": 0.3745298226759807,
      "eval_confusion_matrix": [
        [
          652,
          286,
          854
        ],
        [
          0,
          12,
          12
        ],
        [
          5,
          7,
          33
        ]
      ],
      "eval_f1_a_s": 0.07143179125238266,
      "eval_f1_att": 0.0729483282674772,
      "eval_f1_macro": 0.22510860399539545,
      "eval_f1_micro": 0.3745298226759807,
      "eval_f1_norel": 0.532462229481421,
      "eval_f1_supp": 0.06991525423728813,
      "eval_f1_weighted": 0.5153515645082234,
      "eval_loss": 1.6792354583740234,
      "eval_precision_att": 0.03934426229508197,
      "eval_precision_macro": 0.3561471216480762,
      "eval_precision_micro": 0.3745298226759807,
      "eval_precision_norel": 0.9923896499238964,
      "eval_precision_supp": 0.03670745272525028,
      "eval_precision_weighted": 0.9569899786842239,
      "eval_recall_att": 0.5,
      "eval_recall_macro": 0.532390873015873,
      "eval_recall_micro": 0.3745298226759807,
      "eval_recall_norel": 0.3638392857142857,
      "eval_recall_supp": 0.7333333333333333,
      "eval_recall_weighted": 0.3745298226759807,
      "eval_runtime": 18.3474,
      "eval_samples_per_second": 101.431,
      "eval_steps_per_second": 12.699,
      "step": 95
    },
    {
      "epoch": 4.784313725490196,
      "step": 95,
      "total_flos": 1536582359531520.0,
      "train_loss": 0.6804049040141859,
      "train_runtime": 393.4161,
      "train_samples_per_second": 15.505,
      "train_steps_per_second": 0.241
    }
  ],
  "logging_steps": 500,
  "max_steps": 95,
  "num_input_tokens_seen": 0,
  "num_train_epochs": 5,
  "save_steps": 500,
  "stateful_callbacks": {
    "TrainerControl": {
      "args": {
        "should_epoch_stop": false,
        "should_evaluate": false,
        "should_log": false,
        "should_save": true,
        "should_training_stop": true
      },
      "attributes": {}
    }
  },
  "total_flos": 1536582359531520.0,
  "train_batch_size": 8,
  "trial_name": null,
  "trial_params": null
}
