{
    "optimal_threshold": 0.6696696696696697,
    "positive_accuracy": 0.7283236994219653,
    "precision": 0.15873015873015872,
    "recall": 0.3468208092485549,
    "f1-score": 0.2177858439201452
}