{
  "eval_loss": 1.0057082176208496,
  "eval_accuracy": 0.6730569948186529,
  "eval_f1_micro": 0.6730569948186529,
  "eval_f1_macro": 0.3239547932841141,
  "eval_f1_weighted": 0.7553374129369773,
  "eval_f1_ent": 0.10862619808306709,
  "eval_f1_neu": 0.8071634154141349,
  "eval_f1_con": 0.056074766355140186,
  "eval_precision_micro": 0.6730569948186529,
  "eval_precision_macro": 0.36176900437337195,
  "eval_precision_weighted": 0.8827304168417301,
  "eval_precision_ent": 0.06104129263913824,
  "eval_precision_neu": 0.9453183520599251,
  "eval_precision_con": 0.07894736842105263,
  "eval_recall_micro": 0.6730569948186529,
  "eval_recall_macro": 0.4134909851621808,
  "eval_recall_weighted": 0.6730569948186529,
  "eval_recall_ent": 0.4927536231884058,
  "eval_recall_neu": 0.7042410714285714,
  "eval_recall_con": 0.043478260869565216,
  "eval_confusion_matrix": [
    [
      34,
      33,
      2
    ],
    [
      497,
      1262,
      33
    ],
    [
      26,
      40,
      3
    ]
  ],
  "eval_runtime": 38.7153,
  "eval_samples_per_second": 49.851,
  "eval_steps_per_second": 6.251,
  "epoch": 3.3478260869565215
}