{
    "optimal_threshold": 0.36736736736736736,
    "positive_accuracy": 0.5577889447236181,
    "precision": 0.07926023778071334,
    "recall": 0.3015075376884422,
    "f1-score": 0.12552301255230125
}