{
  "best_metric": 0.0,
  "best_model_checkpoint": "/gaueko1/users/murruela002/APP1/NLIsrc/RV/outputs_secuencia/data_0.05/1_0/checkpoint-1",
  "epoch": 5.0,
  "eval_steps": 500,
  "global_step": 5,
  "is_hyper_param_search": false,
  "is_local_process_zero": true,
  "is_world_process_zero": true,
  "log_history": [
    {
      "epoch": 1.0,
      "eval_accuracy": 0.9629231595916175,
      "eval_confusion_matrix": [
        [
          1792,
          0,
          0
        ],
        [
          24,
          0,
          0
        ],
        [
          45,
          0,
          0
        ]
      ],
      "eval_f1_a_s": 0.0,
      "eval_f1_att": 0.0,
      "eval_f1_macro": 0.3270371384250388,
      "eval_f1_micro": 0.9629231595916175,
      "eval_f1_norel": 0.9811114152751164,
      "eval_f1_supp": 0.0,
      "eval_f1_weighted": 0.9447349039081185,
      "eval_loss": 1.0566283464431763,
      "eval_precision_att": 0.0,
      "eval_precision_macro": 0.32097438653053917,
      "eval_precision_micro": 0.9629231595916175,
      "eval_precision_norel": 0.9629231595916175,
      "eval_precision_supp": 0.0,
      "eval_precision_weighted": 0.9272210112779036,
      "eval_recall_att": 0.0,
      "eval_recall_macro": 0.3333333333333333,
      "eval_recall_micro": 0.9629231595916175,
      "eval_recall_norel": 1.0,
      "eval_recall_supp": 0.0,
      "eval_recall_weighted": 0.9629231595916175,
      "eval_runtime": 28.5304,
      "eval_samples_per_second": 65.229,
      "eval_steps_per_second": 8.167,
      "step": 1
    },
    {
      "epoch": 2.0,
      "eval_accuracy": 0.9629231595916175,
      "eval_confusion_matrix": [
        [
          1792,
          0,
          0
        ],
        [
          24,
          0,
          0
        ],
        [
          45,
          0,
          0
        ]
      ],
      "eval_f1_a_s": 0.0,
      "eval_f1_att": 0.0,
      "eval_f1_macro": 0.3270371384250388,
      "eval_f1_micro": 0.9629231595916175,
      "eval_f1_norel": 0.9811114152751164,
      "eval_f1_supp": 0.0,
      "eval_f1_weighted": 0.9447349039081185,
      "eval_loss": 0.8913058638572693,
      "eval_precision_att": 0.0,
      "eval_precision_macro": 0.32097438653053917,
      "eval_precision_micro": 0.9629231595916175,
      "eval_precision_norel": 0.9629231595916175,
      "eval_precision_supp": 0.0,
      "eval_precision_weighted": 0.9272210112779036,
      "eval_recall_att": 0.0,
      "eval_recall_macro": 0.3333333333333333,
      "eval_recall_micro": 0.9629231595916175,
      "eval_recall_norel": 1.0,
      "eval_recall_supp": 0.0,
      "eval_recall_weighted": 0.9629231595916175,
      "eval_runtime": 22.197,
      "eval_samples_per_second": 83.84,
      "eval_steps_per_second": 10.497,
      "step": 2
    },
    {
      "epoch": 3.0,
      "eval_accuracy": 0.9629231595916175,
      "eval_confusion_matrix": [
        [
          1792,
          0,
          0
        ],
        [
          24,
          0,
          0
        ],
        [
          45,
          0,
          0
        ]
      ],
      "eval_f1_a_s": 0.0,
      "eval_f1_att": 0.0,
      "eval_f1_macro": 0.3270371384250388,
      "eval_f1_micro": 0.9629231595916175,
      "eval_f1_norel": 0.9811114152751164,
      "eval_f1_supp": 0.0,
      "eval_f1_weighted": 0.9447349039081185,
      "eval_loss": 0.7388218641281128,
      "eval_precision_att": 0.0,
      "eval_precision_macro": 0.32097438653053917,
      "eval_precision_micro": 0.9629231595916175,
      "eval_precision_norel": 0.9629231595916175,
      "eval_precision_supp": 0.0,
      "eval_precision_weighted": 0.9272210112779036,
      "eval_recall_att": 0.0,
      "eval_recall_macro": 0.3333333333333333,
      "eval_recall_micro": 0.9629231595916175,
      "eval_recall_norel": 1.0,
      "eval_recall_supp": 0.0,
      "eval_recall_weighted": 0.9629231595916175,
      "eval_runtime": 27.7955,
      "eval_samples_per_second": 66.953,
      "eval_steps_per_second": 8.383,
      "step": 3
    },
    {
      "epoch": 4.0,
      "eval_accuracy": 0.9629231595916175,
      "eval_confusion_matrix": [
        [
          1792,
          0,
          0
        ],
        [
          24,
          0,
          0
        ],
        [
          45,
          0,
          0
        ]
      ],
      "eval_f1_a_s": 0.0,
      "eval_f1_att": 0.0,
      "eval_f1_macro": 0.3270371384250388,
      "eval_f1_micro": 0.9629231595916175,
      "eval_f1_norel": 0.9811114152751164,
      "eval_f1_supp": 0.0,
      "eval_f1_weighted": 0.9447349039081185,
      "eval_loss": 0.6874979138374329,
      "eval_precision_att": 0.0,
      "eval_precision_macro": 0.32097438653053917,
      "eval_precision_micro": 0.9629231595916175,
      "eval_precision_norel": 0.9629231595916175,
      "eval_precision_supp": 0.0,
      "eval_precision_weighted": 0.9272210112779036,
      "eval_recall_att": 0.0,
      "eval_recall_macro": 0.3333333333333333,
      "eval_recall_micro": 0.9629231595916175,
      "eval_recall_norel": 1.0,
      "eval_recall_supp": 0.0,
      "eval_recall_weighted": 0.9629231595916175,
      "eval_runtime": 28.0949,
      "eval_samples_per_second": 66.24,
      "eval_steps_per_second": 8.293,
      "step": 4
    },
    {
      "epoch": 5.0,
      "eval_accuracy": 0.9629231595916175,
      "eval_confusion_matrix": [
        [
          1792,
          0,
          0
        ],
        [
          24,
          0,
          0
        ],
        [
          45,
          0,
          0
        ]
      ],
      "eval_f1_a_s": 0.0,
      "eval_f1_att": 0.0,
      "eval_f1_macro": 0.3270371384250388,
      "eval_f1_micro": 0.9629231595916175,
      "eval_f1_norel": 0.9811114152751164,
      "eval_f1_supp": 0.0,
      "eval_f1_weighted": 0.9447349039081185,
      "eval_loss": 0.6896603107452393,
      "eval_precision_att": 0.0,
      "eval_precision_macro": 0.32097438653053917,
      "eval_precision_micro": 0.9629231595916175,
      "eval_precision_norel": 0.9629231595916175,
      "eval_precision_supp": 0.0,
      "eval_precision_weighted": 0.9272210112779036,
      "eval_recall_att": 0.0,
      "eval_recall_macro": 0.3333333333333333,
      "eval_recall_micro": 0.9629231595916175,
      "eval_recall_norel": 1.0,
      "eval_recall_supp": 0.0,
      "eval_recall_weighted": 0.9629231595916175,
      "eval_runtime": 29.8816,
      "eval_samples_per_second": 62.279,
      "eval_steps_per_second": 7.797,
      "step": 5
    },
    {
      "epoch": 5.0,
      "step": 5,
      "total_flos": 78934025318400.0,
      "train_loss": 1.0581783294677733,
      "train_runtime": 331.1462,
      "train_samples_per_second": 0.906,
      "train_steps_per_second": 0.015
    }
  ],
  "logging_steps": 500,
  "max_steps": 5,
  "num_input_tokens_seen": 0,
  "num_train_epochs": 5,
  "save_steps": 500,
  "stateful_callbacks": {
    "TrainerControl": {
      "args": {
        "should_epoch_stop": false,
        "should_evaluate": false,
        "should_log": false,
        "should_save": true,
        "should_training_stop": true
      },
      "attributes": {}
    }
  },
  "total_flos": 78934025318400.0,
  "train_batch_size": 8,
  "trial_name": null,
  "trial_params": null
}
