{
    "optimal_threshold": 0.4184184184184184,
    "positive_accuracy": 0.5778894472361809,
    "precision": 0.05856397914159647,
    "recall": 0.36683417085427134,
    "f1-score": 0.10100311310965064
}