{
  "eval_loss": 2.2537665367126465,
  "eval_accuracy": 0.5642487046632124,
  "eval_f1_micro": 0.5642487046632124,
  "eval_f1_macro": 0.3748583621851824,
  "eval_f1_weighted": 0.6678520146804118,
  "eval_f1_ent": 0.24311926605504589,
  "eval_f1_neu": 0.7030520646319569,
  "eval_f1_con": 0.1784037558685446,
  "eval_precision_micro": 0.5642487046632124,
  "eval_precision_macro": 0.41010515936715963,
  "eval_precision_weighted": 0.9241449345486172,
  "eval_precision_ent": 0.1444141689373297,
  "eval_precision_neu": 0.9859013091641491,
  "eval_precision_con": 0.1,
  "eval_recall_micro": 0.5642487046632124,
  "eval_recall_macro": 0.7135066209454797,
  "eval_recall_weighted": 0.5642487046632124,
  "eval_recall_ent": 0.7681159420289855,
  "eval_recall_neu": 0.5463169642857143,
  "eval_recall_con": 0.8260869565217391,
  "eval_confusion_matrix": [
    [
      53,
      7,
      9
    ],
    [
      309,
      979,
      504
    ],
    [
      5,
      7,
      57
    ]
  ],
  "eval_runtime": 31.2055,
  "eval_samples_per_second": 61.848,
  "eval_steps_per_second": 7.755,
  "epoch": 4.8384279475982535
}