{
  "best_metric": 0.24390243902439024,
  "best_model_checkpoint": "/gaueko1/users/mmartin/ENVIRONMENT/NLIsrc/output/0_2846/checkpoint-58",
  "epoch": 4.8384279475982535,
  "eval_steps": 500,
  "global_step": 140,
  "is_hyper_param_search": false,
  "is_local_process_zero": true,
  "is_world_process_zero": true,
  "log_history": [
    {
      "epoch": 1.0,
      "eval_accuracy": 0.5595854922279793,
      "eval_confusion_matrix": [
        [
          42,
          10,
          17
        ],
        [
          338,
          1022,
          432
        ],
        [
          42,
          11,
          16
        ]
      ],
      "eval_f1_con": 0.0599250936329588,
      "eval_f1_ent": 0.1710794297352342,
      "eval_f1_macro": 0.3173307258963936,
      "eval_f1_micro": 0.5595854922279793,
      "eval_f1_neu": 0.7209876543209877,
      "eval_f1_weighted": 0.6776938801324431,
      "eval_loss": 1.0593959093093872,
      "eval_precision_con": 0.034408602150537634,
      "eval_precision_ent": 0.0995260663507109,
      "eval_precision_macro": 0.37126681343777634,
      "eval_precision_micro": 0.5595854922279793,
      "eval_precision_neu": 0.9798657718120806,
      "eval_precision_weighted": 0.9145911685045774,
      "eval_recall_con": 0.2318840579710145,
      "eval_recall_ent": 0.6086956521739131,
      "eval_recall_macro": 0.4702974033816425,
      "eval_recall_micro": 0.5595854922279793,
      "eval_recall_neu": 0.5703125,
      "eval_recall_weighted": 0.5595854922279793,
      "eval_runtime": 31.5777,
      "eval_samples_per_second": 61.119,
      "eval_steps_per_second": 7.664,
      "step": 29
    },
    {
      "epoch": 2.0,
      "eval_accuracy": 0.6119170984455958,
      "eval_confusion_matrix": [
        [
          45,
          9,
          15
        ],
        [
          246,
          1083,
          463
        ],
        [
          9,
          7,
          53
        ]
      ],
      "eval_f1_con": 0.17666666666666667,
      "eval_f1_ent": 0.24390243902439024,
      "eval_f1_macro": 0.38993027609279896,
      "eval_f1_micro": 0.6119170984455958,
      "eval_f1_neu": 0.74922172258734,
      "eval_f1_weighted": 0.7106863187405162,
      "eval_loss": 1.1093512773513794,
      "eval_precision_con": 0.09981167608286252,
      "eval_precision_ent": 0.15,
      "eval_precision_macro": 0.411750995454979,
      "eval_precision_micro": 0.6119170984455958,
      "eval_precision_neu": 0.9854413102820746,
      "eval_precision_weighted": 0.9239107946503602,
      "eval_recall_con": 0.7681159420289855,
      "eval_recall_ent": 0.6521739130434783,
      "eval_recall_macro": 0.674880844547964,
      "eval_recall_micro": 0.6119170984455958,
      "eval_recall_neu": 0.6043526785714286,
      "eval_recall_weighted": 0.6119170984455958,
      "eval_runtime": 32.1079,
      "eval_samples_per_second": 60.11,
      "eval_steps_per_second": 7.537,
      "step": 58
    },
    {
      "epoch": 3.0,
      "eval_accuracy": 0.5176165803108809,
      "eval_confusion_matrix": [
        [
          51,
          6,
          12
        ],
        [
          413,
          891,
          488
        ],
        [
          7,
          5,
          57
        ]
      ],
      "eval_f1_con": 0.18210862619808307,
      "eval_f1_ent": 0.18888888888888888,
      "eval_f1_macro": 0.3441558160906091,
      "eval_f1_micro": 0.5176165803108809,
      "eval_f1_neu": 0.6614699331848553,
      "eval_f1_weighted": 0.6274367610405501,
      "eval_loss": 1.6214983463287354,
      "eval_precision_con": 0.10233393177737882,
      "eval_precision_ent": 0.10828025477707007,
      "eval_precision_macro": 0.3994730215344098,
      "eval_precision_micro": 0.5176165803108809,
      "eval_precision_neu": 0.9878048780487805,
      "eval_precision_weighted": 0.924704000173923,
      "eval_recall_con": 0.8260869565217391,
      "eval_recall_ent": 0.7391304347826086,
      "eval_recall_macro": 0.6874757375776398,
      "eval_recall_micro": 0.5176165803108809,
      "eval_recall_neu": 0.49720982142857145,
      "eval_recall_weighted": 0.5176165803108809,
      "eval_runtime": 35.0822,
      "eval_samples_per_second": 55.014,
      "eval_steps_per_second": 6.898,
      "step": 87
    },
    {
      "epoch": 4.0,
      "eval_accuracy": 0.4336787564766839,
      "eval_confusion_matrix": [
        [
          56,
          4,
          9
        ],
        [
          523,
          725,
          544
        ],
        [
          10,
          3,
          56
        ]
      ],
      "eval_f1_con": 0.16519174041297935,
      "eval_f1_ent": 0.1702127659574468,
      "eval_f1_macro": 0.3032964836343048,
      "eval_f1_micro": 0.4336787564766839,
      "eval_f1_neu": 0.5744849445324881,
      "eval_f1_weighted": 0.5453989282599887,
      "eval_loss": 2.8542375564575195,
      "eval_precision_con": 0.09195402298850575,
      "eval_precision_ent": 0.09507640067911714,
      "eval_precision_macro": 0.39248919404585614,
      "eval_precision_micro": 0.4336787564766839,
      "eval_precision_neu": 0.9904371584699454,
      "eval_precision_weighted": 0.9263049156534757,
      "eval_recall_con": 0.8115942028985508,
      "eval_recall_ent": 0.8115942028985508,
      "eval_recall_macro": 0.6759214328847482,
      "eval_recall_micro": 0.4336787564766839,
      "eval_recall_neu": 0.40457589285714285,
      "eval_recall_weighted": 0.4336787564766839,
      "eval_runtime": 31.2696,
      "eval_samples_per_second": 61.721,
      "eval_steps_per_second": 7.739,
      "step": 116
    },
    {
      "epoch": 4.8384279475982535,
      "eval_accuracy": 0.5072538860103627,
      "eval_confusion_matrix": [
        [
          53,
          7,
          9
        ],
        [
          454,
          871,
          467
        ],
        [
          10,
          4,
          55
        ]
      ],
      "eval_f1_con": 0.18333333333333332,
      "eval_f1_ent": 0.18088737201365188,
      "eval_f1_macro": 0.3385597315006031,
      "eval_f1_micro": 0.5072538860103627,
      "eval_f1_neu": 0.6514584891548242,
      "eval_f1_weighted": 0.6178988814685943,
      "eval_loss": 2.4014527797698975,
      "eval_precision_con": 0.10357815442561205,
      "eval_precision_ent": 0.10251450676982592,
      "eval_precision_macro": 0.39787366862221324,
      "eval_precision_micro": 0.5072538860103627,
      "eval_precision_neu": 0.9875283446712018,
      "eval_precision_weighted": 0.9242855892607662,
      "eval_recall_con": 0.7971014492753623,
      "eval_recall_ent": 0.7681159420289855,
      "eval_recall_macro": 0.6837554994824017,
      "eval_recall_micro": 0.5072538860103627,
      "eval_recall_neu": 0.48604910714285715,
      "eval_recall_weighted": 0.5072538860103627,
      "eval_runtime": 31.2203,
      "eval_samples_per_second": 61.819,
      "eval_steps_per_second": 7.751,
      "step": 140
    },
    {
      "epoch": 4.8384279475982535,
      "step": 140,
      "total_flos": 2330174215249920.0,
      "train_loss": 0.44968526022774835,
      "train_runtime": 829.2418,
      "train_samples_per_second": 11.034,
      "train_steps_per_second": 0.169
    }
  ],
  "logging_steps": 500,
  "max_steps": 140,
  "num_input_tokens_seen": 0,
  "num_train_epochs": 5,
  "save_steps": 500,
  "stateful_callbacks": {
    "TrainerControl": {
      "args": {
        "should_epoch_stop": false,
        "should_evaluate": false,
        "should_log": false,
        "should_save": true,
        "should_training_stop": true
      },
      "attributes": {}
    }
  },
  "total_flos": 2330174215249920.0,
  "train_batch_size": 8,
  "trial_name": null,
  "trial_params": null
}
