{
  "eval_loss": 1.161771297454834,
  "eval_accuracy": 0.6046632124352331,
  "eval_f1_micro": 0.6046632124352331,
  "eval_f1_macro": 0.389070274637994,
  "eval_f1_weighted": 0.702261814188,
  "eval_f1_ent": 0.21205821205821207,
  "eval_f1_neu": 0.7398884239888424,
  "eval_f1_con": 0.21526418786692758,
  "eval_precision_micro": 0.6046632124352331,
  "eval_precision_macro": 0.41142675882038837,
  "eval_precision_weighted": 0.9244278872265264,
  "eval_precision_ent": 0.12378640776699029,
  "eval_precision_neu": 0.9860594795539034,
  "eval_precision_con": 0.1244343891402715,
  "eval_recall_micro": 0.6046632124352331,
  "eval_recall_macro": 0.7094359256383713,
  "eval_recall_weighted": 0.6046632124352331,
  "eval_recall_ent": 0.7391304347826086,
  "eval_recall_neu": 0.5920758928571429,
  "eval_recall_con": 0.7971014492753623,
  "eval_confusion_matrix": [
    [
      51,
      8,
      10
    ],
    [
      354,
      1061,
      377
    ],
    [
      7,
      7,
      55
    ]
  ],
  "eval_runtime": 31.0816,
  "eval_samples_per_second": 62.095,
  "eval_steps_per_second": 7.786,
  "epoch": 4.8384279475982535
}