{
  "eval_loss": 1.9299514293670654,
  "eval_accuracy": 0.36808167651800106,
  "eval_f1_micro": 0.36808167651800106,
  "eval_f1_macro": 0.22028386114631518,
  "eval_f1_weighted": 0.5103080112964262,
  "eval_f1_norel": 0.5274365274365275,
  "eval_f1_att": 0.07079646017699115,
  "eval_f1_supp": 0.06261859582542695,
  "eval_f1_a_s": 0.06670752800120905,
  "eval_precision_micro": 0.36808167651800106,
  "eval_precision_macro": 0.3543596134409506,
  "eval_precision_weighted": 0.9553362228909498,
  "eval_precision_norel": 0.9907692307692307,
  "eval_precision_att": 0.039603960396039604,
  "eval_precision_supp": 0.03270564915758176,
  "eval_recall_micro": 0.36808167651800106,
  "eval_recall_macro": 0.47534722222222214,
  "eval_recall_weighted": 0.36808167651800106,
  "eval_recall_norel": 0.359375,
  "eval_recall_att": 0.3333333333333333,
  "eval_recall_supp": 0.7333333333333333,
  "eval_confusion_matrix": [
    [
      644,
      188,
      960
    ],
    [
      0,
      8,
      16
    ],
    [
      6,
      6,
      33
    ]
  ],
  "eval_runtime": 18.0692,
  "eval_samples_per_second": 102.993,
  "eval_steps_per_second": 12.895,
  "epoch": 4.784313725490196
}