{
  "best_metric": 0.0,
  "best_model_checkpoint": "/gaueko1/users/murruela002/APP1/NLIsrc/RV/outputs_secuencia/data_0.1/2_2301/checkpoint-2",
  "epoch": 5.0,
  "eval_steps": 500,
  "global_step": 10,
  "is_hyper_param_search": false,
  "is_local_process_zero": true,
  "is_world_process_zero": true,
  "log_history": [
    {
      "epoch": 1.0,
      "eval_accuracy": 0.9629231595916175,
      "eval_confusion_matrix": [
        [
          1792,
          0,
          0
        ],
        [
          24,
          0,
          0
        ],
        [
          45,
          0,
          0
        ]
      ],
      "eval_f1_a_s": 0.0,
      "eval_f1_att": 0.0,
      "eval_f1_macro": 0.3270371384250388,
      "eval_f1_micro": 0.9629231595916175,
      "eval_f1_norel": 0.9811114152751164,
      "eval_f1_supp": 0.0,
      "eval_f1_weighted": 0.9447349039081185,
      "eval_loss": 0.8577471971511841,
      "eval_precision_att": 0.0,
      "eval_precision_macro": 0.32097438653053917,
      "eval_precision_micro": 0.9629231595916175,
      "eval_precision_norel": 0.9629231595916175,
      "eval_precision_supp": 0.0,
      "eval_precision_weighted": 0.9272210112779036,
      "eval_recall_att": 0.0,
      "eval_recall_macro": 0.3333333333333333,
      "eval_recall_micro": 0.9629231595916175,
      "eval_recall_norel": 1.0,
      "eval_recall_supp": 0.0,
      "eval_recall_weighted": 0.9629231595916175,
      "eval_runtime": 19.9972,
      "eval_samples_per_second": 93.063,
      "eval_steps_per_second": 11.652,
      "step": 2
    },
    {
      "epoch": 2.0,
      "eval_accuracy": 0.9629231595916175,
      "eval_confusion_matrix": [
        [
          1792,
          0,
          0
        ],
        [
          24,
          0,
          0
        ],
        [
          45,
          0,
          0
        ]
      ],
      "eval_f1_a_s": 0.0,
      "eval_f1_att": 0.0,
      "eval_f1_macro": 0.3270371384250388,
      "eval_f1_micro": 0.9629231595916175,
      "eval_f1_norel": 0.9811114152751164,
      "eval_f1_supp": 0.0,
      "eval_f1_weighted": 0.9447349039081185,
      "eval_loss": 0.7056848406791687,
      "eval_precision_att": 0.0,
      "eval_precision_macro": 0.32097438653053917,
      "eval_precision_micro": 0.9629231595916175,
      "eval_precision_norel": 0.9629231595916175,
      "eval_precision_supp": 0.0,
      "eval_precision_weighted": 0.9272210112779036,
      "eval_recall_att": 0.0,
      "eval_recall_macro": 0.3333333333333333,
      "eval_recall_micro": 0.9629231595916175,
      "eval_recall_norel": 1.0,
      "eval_recall_supp": 0.0,
      "eval_recall_weighted": 0.9629231595916175,
      "eval_runtime": 25.5487,
      "eval_samples_per_second": 72.841,
      "eval_steps_per_second": 9.12,
      "step": 4
    },
    {
      "epoch": 3.0,
      "eval_accuracy": 0.9629231595916175,
      "eval_confusion_matrix": [
        [
          1792,
          0,
          0
        ],
        [
          24,
          0,
          0
        ],
        [
          45,
          0,
          0
        ]
      ],
      "eval_f1_a_s": 0.0,
      "eval_f1_att": 0.0,
      "eval_f1_macro": 0.3270371384250388,
      "eval_f1_micro": 0.9629231595916175,
      "eval_f1_norel": 0.9811114152751164,
      "eval_f1_supp": 0.0,
      "eval_f1_weighted": 0.9447349039081185,
      "eval_loss": 0.5975618362426758,
      "eval_precision_att": 0.0,
      "eval_precision_macro": 0.32097438653053917,
      "eval_precision_micro": 0.9629231595916175,
      "eval_precision_norel": 0.9629231595916175,
      "eval_precision_supp": 0.0,
      "eval_precision_weighted": 0.9272210112779036,
      "eval_recall_att": 0.0,
      "eval_recall_macro": 0.3333333333333333,
      "eval_recall_micro": 0.9629231595916175,
      "eval_recall_norel": 1.0,
      "eval_recall_supp": 0.0,
      "eval_recall_weighted": 0.9629231595916175,
      "eval_runtime": 18.4581,
      "eval_samples_per_second": 100.823,
      "eval_steps_per_second": 12.623,
      "step": 6
    },
    {
      "epoch": 4.0,
      "eval_accuracy": 0.9629231595916175,
      "eval_confusion_matrix": [
        [
          1792,
          0,
          0
        ],
        [
          24,
          0,
          0
        ],
        [
          45,
          0,
          0
        ]
      ],
      "eval_f1_a_s": 0.0,
      "eval_f1_att": 0.0,
      "eval_f1_macro": 0.3270371384250388,
      "eval_f1_micro": 0.9629231595916175,
      "eval_f1_norel": 0.9811114152751164,
      "eval_f1_supp": 0.0,
      "eval_f1_weighted": 0.9447349039081185,
      "eval_loss": 0.5727099180221558,
      "eval_precision_att": 0.0,
      "eval_precision_macro": 0.32097438653053917,
      "eval_precision_micro": 0.9629231595916175,
      "eval_precision_norel": 0.9629231595916175,
      "eval_precision_supp": 0.0,
      "eval_precision_weighted": 0.9272210112779036,
      "eval_recall_att": 0.0,
      "eval_recall_macro": 0.3333333333333333,
      "eval_recall_micro": 0.9629231595916175,
      "eval_recall_norel": 1.0,
      "eval_recall_supp": 0.0,
      "eval_recall_weighted": 0.9629231595916175,
      "eval_runtime": 20.2694,
      "eval_samples_per_second": 91.813,
      "eval_steps_per_second": 11.495,
      "step": 8
    },
    {
      "epoch": 5.0,
      "eval_accuracy": 0.9629231595916175,
      "eval_confusion_matrix": [
        [
          1792,
          0,
          0
        ],
        [
          24,
          0,
          0
        ],
        [
          45,
          0,
          0
        ]
      ],
      "eval_f1_a_s": 0.0,
      "eval_f1_att": 0.0,
      "eval_f1_macro": 0.3270371384250388,
      "eval_f1_micro": 0.9629231595916175,
      "eval_f1_norel": 0.9811114152751164,
      "eval_f1_supp": 0.0,
      "eval_f1_weighted": 0.9447349039081185,
      "eval_loss": 0.5695747137069702,
      "eval_precision_att": 0.0,
      "eval_precision_macro": 0.32097438653053917,
      "eval_precision_micro": 0.9629231595916175,
      "eval_precision_norel": 0.9629231595916175,
      "eval_precision_supp": 0.0,
      "eval_precision_weighted": 0.9272210112779036,
      "eval_recall_att": 0.0,
      "eval_recall_macro": 0.3333333333333333,
      "eval_recall_micro": 0.9629231595916175,
      "eval_recall_norel": 1.0,
      "eval_recall_supp": 0.0,
      "eval_recall_weighted": 0.9629231595916175,
      "eval_runtime": 18.3121,
      "eval_samples_per_second": 101.627,
      "eval_steps_per_second": 12.724,
      "step": 10
    },
    {
      "epoch": 5.0,
      "step": 10,
      "total_flos": 160499184814080.0,
      "train_loss": 1.034541702270508,
      "train_runtime": 287.9878,
      "train_samples_per_second": 2.118,
      "train_steps_per_second": 0.035
    }
  ],
  "logging_steps": 500,
  "max_steps": 10,
  "num_input_tokens_seen": 0,
  "num_train_epochs": 5,
  "save_steps": 500,
  "stateful_callbacks": {
    "TrainerControl": {
      "args": {
        "should_epoch_stop": false,
        "should_evaluate": false,
        "should_log": false,
        "should_save": true,
        "should_training_stop": true
      },
      "attributes": {}
    }
  },
  "total_flos": 160499184814080.0,
  "train_batch_size": 8,
  "trial_name": null,
  "trial_params": null
}
