{
  "eval_loss": 1.4630858898162842,
  "eval_accuracy": 0.555958549222798,
  "eval_f1_micro": 0.555958549222798,
  "eval_f1_macro": 0.36736209511301476,
  "eval_f1_weighted": 0.6607780908918373,
  "eval_f1_ent": 0.2222222222222222,
  "eval_f1_neu": 0.696028880866426,
  "eval_f1_con": 0.1838351822503962,
  "eval_precision_micro": 0.555958549222798,
  "eval_precision_macro": 0.40655238310632064,
  "eval_precision_weighted": 0.9235708402207858,
  "eval_precision_ent": 0.13076923076923078,
  "eval_precision_neu": 0.9856850715746421,
  "eval_precision_con": 0.10320284697508897,
  "eval_recall_micro": 0.555958549222798,
  "eval_recall_macro": 0.705885524499655,
  "eval_recall_weighted": 0.555958549222798,
  "eval_recall_ent": 0.7391304347826086,
  "eval_recall_neu": 0.5379464285714286,
  "eval_recall_con": 0.8405797101449275,
  "eval_confusion_matrix": [
    [
      51,
      8,
      10
    ],
    [
      334,
      964,
      494
    ],
    [
      5,
      6,
      58
    ]
  ],
  "eval_runtime": 31.0946,
  "eval_samples_per_second": 62.069,
  "eval_steps_per_second": 7.783,
  "epoch": 4.8384279475982535
}