{
  "best_metric": 0.2222222222222222,
  "best_model_checkpoint": "/gaueko1/users/mmartin/ENVIRONMENT/NLIsrc/output/5_3000/checkpoint-58",
  "epoch": 4.8384279475982535,
  "eval_steps": 500,
  "global_step": 140,
  "is_hyper_param_search": false,
  "is_local_process_zero": true,
  "is_world_process_zero": true,
  "log_history": [
    {
      "epoch": 1.0,
      "eval_accuracy": 0.46839378238341967,
      "eval_confusion_matrix": [
        [
          43,
          10,
          16
        ],
        [
          343,
          805,
          644
        ],
        [
          8,
          5,
          56
        ]
      ],
      "eval_f1_con": 0.14267515923566879,
      "eval_f1_ent": 0.1857451403887689,
      "eval_f1_macro": 0.3149354036012036,
      "eval_f1_micro": 0.46839378238341967,
      "eval_f1_neu": 0.6163859111791731,
      "eval_f1_weighted": 0.5840541728016395,
      "eval_loss": 1.7513102293014526,
      "eval_precision_con": 0.0782122905027933,
      "eval_precision_ent": 0.10913705583756345,
      "eval_precision_macro": 0.38968555447117587,
      "eval_precision_micro": 0.46839378238341967,
      "eval_precision_neu": 0.9817073170731707,
      "eval_precision_weighted": 0.9182106824314025,
      "eval_recall_con": 0.8115942028985508,
      "eval_recall_ent": 0.6231884057971014,
      "eval_recall_macro": 0.6280004528985508,
      "eval_recall_micro": 0.46839378238341967,
      "eval_recall_neu": 0.44921875,
      "eval_recall_weighted": 0.46839378238341967,
      "eval_runtime": 31.631,
      "eval_samples_per_second": 61.016,
      "eval_steps_per_second": 7.651,
      "step": 29
    },
    {
      "epoch": 2.0,
      "eval_accuracy": 0.555958549222798,
      "eval_confusion_matrix": [
        [
          51,
          8,
          10
        ],
        [
          334,
          964,
          494
        ],
        [
          5,
          6,
          58
        ]
      ],
      "eval_f1_con": 0.1838351822503962,
      "eval_f1_ent": 0.2222222222222222,
      "eval_f1_macro": 0.36736209511301476,
      "eval_f1_micro": 0.555958549222798,
      "eval_f1_neu": 0.696028880866426,
      "eval_f1_weighted": 0.6607780908918373,
      "eval_loss": 1.4630858898162842,
      "eval_precision_con": 0.10320284697508897,
      "eval_precision_ent": 0.13076923076923078,
      "eval_precision_macro": 0.40655238310632064,
      "eval_precision_micro": 0.555958549222798,
      "eval_precision_neu": 0.9856850715746421,
      "eval_precision_weighted": 0.9235708402207858,
      "eval_recall_con": 0.8405797101449275,
      "eval_recall_ent": 0.7391304347826086,
      "eval_recall_macro": 0.705885524499655,
      "eval_recall_micro": 0.555958549222798,
      "eval_recall_neu": 0.5379464285714286,
      "eval_recall_weighted": 0.555958549222798,
      "eval_runtime": 31.5925,
      "eval_samples_per_second": 61.091,
      "eval_steps_per_second": 7.66,
      "step": 58
    },
    {
      "epoch": 3.0,
      "eval_accuracy": 0.5145077720207254,
      "eval_confusion_matrix": [
        [
          52,
          7,
          10
        ],
        [
          463,
          891,
          438
        ],
        [
          12,
          7,
          50
        ]
      ],
      "eval_f1_con": 0.1763668430335097,
      "eval_f1_ent": 0.174496644295302,
      "eval_f1_macro": 0.33719921212777226,
      "eval_f1_micro": 0.5145077720207254,
      "eval_f1_neu": 0.660734149054505,
      "eval_f1_weighted": 0.6260337698089953,
      "eval_loss": 2.1308422088623047,
      "eval_precision_con": 0.10040160642570281,
      "eval_precision_ent": 0.09867172675521822,
      "eval_precision_macro": 0.39453457330708414,
      "eval_precision_micro": 0.5145077720207254,
      "eval_precision_neu": 0.9845303867403314,
      "eval_precision_weighted": 0.9212510430197707,
      "eval_recall_con": 0.7246376811594203,
      "eval_recall_ent": 0.7536231884057971,
      "eval_recall_macro": 0.658490230331263,
      "eval_recall_micro": 0.5145077720207254,
      "eval_recall_neu": 0.49720982142857145,
      "eval_recall_weighted": 0.5145077720207254,
      "eval_runtime": 31.4217,
      "eval_samples_per_second": 61.423,
      "eval_steps_per_second": 7.702,
      "step": 87
    },
    {
      "epoch": 4.0,
      "eval_accuracy": 0.5683937823834196,
      "eval_confusion_matrix": [
        [
          47,
          12,
          10
        ],
        [
          352,
          998,
          442
        ],
        [
          8,
          9,
          52
        ]
      ],
      "eval_f1_con": 0.18150087260034903,
      "eval_f1_ent": 0.19747899159663865,
      "eval_f1_macro": 0.36301581860046633,
      "eval_f1_micro": 0.5683937823834196,
      "eval_f1_neu": 0.7100675916044112,
      "eval_f1_weighted": 0.6728449403029517,
      "eval_loss": 2.167426824569702,
      "eval_precision_con": 0.10317460317460317,
      "eval_precision_ent": 0.11547911547911548,
      "eval_precision_macro": 0.39934842633566875,
      "eval_precision_micro": 0.5683937823834196,
      "eval_precision_neu": 0.9793915603532876,
      "eval_precision_weighted": 0.9171796801762684,
      "eval_recall_con": 0.7536231884057971,
      "eval_recall_ent": 0.6811594202898551,
      "eval_recall_macro": 0.6639007505175983,
      "eval_recall_micro": 0.5683937823834196,
      "eval_recall_neu": 0.5569196428571429,
      "eval_recall_weighted": 0.5683937823834196,
      "eval_runtime": 31.4642,
      "eval_samples_per_second": 61.34,
      "eval_steps_per_second": 7.691,
      "step": 116
    },
    {
      "epoch": 4.8384279475982535,
      "eval_accuracy": 0.5160621761658031,
      "eval_confusion_matrix": [
        [
          48,
          9,
          12
        ],
        [
          393,
          893,
          506
        ],
        [
          8,
          6,
          55
        ]
      ],
      "eval_f1_con": 0.17133956386292834,
      "eval_f1_ent": 0.18532818532818532,
      "eval_f1_macro": 0.339383076890865,
      "eval_f1_micro": 0.5160621761658031,
      "eval_f1_neu": 0.6614814814814814,
      "eval_f1_weighted": 0.6269351759113997,
      "eval_loss": 2.7483015060424805,
      "eval_precision_con": 0.09598603839441536,
      "eval_precision_ent": 0.10690423162583519,
      "eval_precision_macro": 0.39545681541056815,
      "eval_precision_micro": 0.5160621761658031,
      "eval_precision_neu": 0.9834801762114538,
      "eval_precision_weighted": 0.9204123857006852,
      "eval_recall_con": 0.7971014492753623,
      "eval_recall_ent": 0.6956521739130435,
      "eval_recall_macro": 0.6636931720151829,
      "eval_recall_micro": 0.5160621761658031,
      "eval_recall_neu": 0.49832589285714285,
      "eval_recall_weighted": 0.5160621761658031,
      "eval_runtime": 31.2708,
      "eval_samples_per_second": 61.719,
      "eval_steps_per_second": 7.739,
      "step": 140
    },
    {
      "epoch": 4.8384279475982535,
      "step": 140,
      "total_flos": 2330174215249920.0,
      "train_loss": 0.34666080474853517,
      "train_runtime": 802.8463,
      "train_samples_per_second": 11.397,
      "train_steps_per_second": 0.174
    }
  ],
  "logging_steps": 500,
  "max_steps": 140,
  "num_input_tokens_seen": 0,
  "num_train_epochs": 5,
  "save_steps": 500,
  "stateful_callbacks": {
    "TrainerControl": {
      "args": {
        "should_epoch_stop": false,
        "should_evaluate": false,
        "should_log": false,
        "should_save": true,
        "should_training_stop": true
      },
      "attributes": {}
    }
  },
  "total_flos": 2330174215249920.0,
  "train_batch_size": 8,
  "trial_name": null,
  "trial_params": null
}
