{
  "eval_loss": 1.146224021911621,
  "eval_accuracy": 0.6051813471502591,
  "eval_f1_micro": 0.6051813471502591,
  "eval_f1_macro": 0.38940714160997536,
  "eval_f1_weighted": 0.7026900531283594,
  "eval_f1_ent": 0.21487603305785125,
  "eval_f1_neu": 0.740327640292785,
  "eval_f1_con": 0.21301775147928995,
  "eval_precision_micro": 0.6051813471502591,
  "eval_precision_macro": 0.41155376648349423,
  "eval_precision_weighted": 0.9244530648587582,
  "eval_precision_ent": 0.12530120481927712,
  "eval_precision_neu": 0.9860724233983287,
  "eval_precision_con": 0.1232876712328767,
  "eval_recall_micro": 0.6051813471502591,
  "eval_recall_macro": 0.7096219375431332,
  "eval_recall_weighted": 0.6051813471502591,
  "eval_recall_ent": 0.7536231884057971,
  "eval_recall_neu": 0.5926339285714286,
  "eval_recall_con": 0.782608695652174,
  "eval_confusion_matrix": [
    [
      52,
      8,
      9
    ],
    [
      355,
      1062,
      375
    ],
    [
      8,
      7,
      54
    ]
  ],
  "eval_runtime": 31.2551,
  "eval_samples_per_second": 61.75,
  "eval_steps_per_second": 7.743,
  "epoch": 4.8384279475982535
}