{
  "best_metric": 0.21487603305785125,
  "best_model_checkpoint": "/gaueko1/users/mmartin/ENVIRONMENT/NLIsrc/output/3_3000/checkpoint-58",
  "epoch": 4.8384279475982535,
  "eval_steps": 500,
  "global_step": 140,
  "is_hyper_param_search": false,
  "is_local_process_zero": true,
  "is_world_process_zero": true,
  "log_history": [
    {
      "epoch": 1.0,
      "eval_accuracy": 0.5098445595854922,
      "eval_confusion_matrix": [
        [
          48,
          8,
          13
        ],
        [
          475,
          891,
          426
        ],
        [
          19,
          5,
          45
        ]
      ],
      "eval_f1_con": 0.162748643761302,
      "eval_f1_ent": 0.15711947626841244,
      "eval_f1_macro": 0.32694911617212047,
      "eval_f1_micro": 0.5098445595854922,
      "eval_f1_neu": 0.6609792284866469,
      "eval_f1_weighted": 0.6251532008964361,
      "eval_loss": 1.358238697052002,
      "eval_precision_con": 0.09297520661157024,
      "eval_precision_ent": 0.08856088560885608,
      "eval_precision_macro": 0.3890518537489917,
      "eval_precision_micro": 0.5098445595854922,
      "eval_precision_neu": 0.9856194690265486,
      "eval_precision_weighted": 0.9216352740200955,
      "eval_recall_con": 0.6521739130434783,
      "eval_recall_ent": 0.6956521739130435,
      "eval_recall_macro": 0.6150119694616977,
      "eval_recall_micro": 0.5098445595854922,
      "eval_recall_neu": 0.49720982142857145,
      "eval_recall_weighted": 0.5098445595854922,
      "eval_runtime": 38.065,
      "eval_samples_per_second": 50.703,
      "eval_steps_per_second": 6.358,
      "step": 29
    },
    {
      "epoch": 2.0,
      "eval_accuracy": 0.6051813471502591,
      "eval_confusion_matrix": [
        [
          52,
          8,
          9
        ],
        [
          355,
          1062,
          375
        ],
        [
          8,
          7,
          54
        ]
      ],
      "eval_f1_con": 0.21301775147928995,
      "eval_f1_ent": 0.21487603305785125,
      "eval_f1_macro": 0.38940714160997536,
      "eval_f1_micro": 0.6051813471502591,
      "eval_f1_neu": 0.740327640292785,
      "eval_f1_weighted": 0.7026900531283594,
      "eval_loss": 1.146224021911621,
      "eval_precision_con": 0.1232876712328767,
      "eval_precision_ent": 0.12530120481927712,
      "eval_precision_macro": 0.41155376648349423,
      "eval_precision_micro": 0.6051813471502591,
      "eval_precision_neu": 0.9860724233983287,
      "eval_precision_weighted": 0.9244530648587582,
      "eval_recall_con": 0.782608695652174,
      "eval_recall_ent": 0.7536231884057971,
      "eval_recall_macro": 0.7096219375431332,
      "eval_recall_micro": 0.6051813471502591,
      "eval_recall_neu": 0.5926339285714286,
      "eval_recall_weighted": 0.6051813471502591,
      "eval_runtime": 34.3104,
      "eval_samples_per_second": 56.251,
      "eval_steps_per_second": 7.053,
      "step": 58
    },
    {
      "epoch": 3.0,
      "eval_accuracy": 0.4751295336787565,
      "eval_confusion_matrix": [
        [
          55,
          6,
          8
        ],
        [
          506,
          804,
          482
        ],
        [
          7,
          4,
          58
        ]
      ],
      "eval_f1_con": 0.1880064829821718,
      "eval_f1_ent": 0.1726844583987441,
      "eval_f1_macro": 0.32590951563554194,
      "eval_f1_micro": 0.4751295336787565,
      "eval_f1_neu": 0.6170376055257099,
      "eval_f1_weighted": 0.5858129865582152,
      "eval_loss": 1.9850798845291138,
      "eval_precision_con": 0.10583941605839416,
      "eval_precision_ent": 0.09683098591549295,
      "eval_precision_macro": 0.39679512989629157,
      "eval_precision_micro": 0.4751295336787565,
      "eval_precision_neu": 0.9877149877149877,
      "eval_precision_weighted": 0.9243365366432414,
      "eval_recall_con": 0.8405797101449275,
      "eval_recall_ent": 0.7971014492753623,
      "eval_recall_macro": 0.6954472912353348,
      "eval_recall_micro": 0.4751295336787565,
      "eval_recall_neu": 0.4486607142857143,
      "eval_recall_weighted": 0.4751295336787565,
      "eval_runtime": 31.6512,
      "eval_samples_per_second": 60.977,
      "eval_steps_per_second": 7.646,
      "step": 87
    },
    {
      "epoch": 4.0,
      "eval_accuracy": 0.5093264248704663,
      "eval_confusion_matrix": [
        [
          56,
          5,
          8
        ],
        [
          477,
          870,
          445
        ],
        [
          7,
          5,
          57
        ]
      ],
      "eval_f1_con": 0.19689119170984457,
      "eval_f1_ent": 0.1839080459770115,
      "eval_f1_macro": 0.34399894749242504,
      "eval_f1_micro": 0.5093264248704663,
      "eval_f1_neu": 0.6511976047904192,
      "eval_f1_weighted": 0.6182493550180437,
      "eval_loss": 2.3702356815338135,
      "eval_precision_con": 0.11176470588235295,
      "eval_precision_ent": 0.1037037037037037,
      "eval_precision_macro": 0.4013682577408068,
      "eval_precision_micro": 0.5093264248704663,
      "eval_precision_neu": 0.9886363636363636,
      "eval_precision_weighted": 0.92564957714912,
      "eval_recall_con": 0.8260869565217391,
      "eval_recall_ent": 0.8115942028985508,
      "eval_recall_macro": 0.7077240769496204,
      "eval_recall_micro": 0.5093264248704663,
      "eval_recall_neu": 0.48549107142857145,
      "eval_recall_weighted": 0.5093264248704663,
      "eval_runtime": 31.4517,
      "eval_samples_per_second": 61.364,
      "eval_steps_per_second": 7.694,
      "step": 116
    },
    {
      "epoch": 4.8384279475982535,
      "eval_accuracy": 0.5264248704663212,
      "eval_confusion_matrix": [
        [
          51,
          7,
          11
        ],
        [
          407,
          910,
          475
        ],
        [
          7,
          7,
          55
        ]
      ],
      "eval_f1_con": 0.18032786885245902,
      "eval_f1_ent": 0.19101123595505617,
      "eval_f1_macro": 0.3471473991970068,
      "eval_f1_micro": 0.5264248704663212,
      "eval_f1_neu": 0.6701030927835051,
      "eval_f1_weighted": 0.6354648396371811,
      "eval_loss": 2.256418466567993,
      "eval_precision_con": 0.10166358595194085,
      "eval_precision_ent": 0.10967741935483871,
      "eval_precision_macro": 0.3987298300517548,
      "eval_precision_micro": 0.5264248704663212,
      "eval_precision_neu": 0.9848484848484849,
      "eval_precision_weighted": 0.9219849814583694,
      "eval_recall_con": 0.7971014492753623,
      "eval_recall_ent": 0.7391304347826086,
      "eval_recall_macro": 0.6813481280193235,
      "eval_recall_micro": 0.5264248704663212,
      "eval_recall_neu": 0.5078125,
      "eval_recall_weighted": 0.5264248704663212,
      "eval_runtime": 31.508,
      "eval_samples_per_second": 61.254,
      "eval_steps_per_second": 7.681,
      "step": 140
    },
    {
      "epoch": 4.8384279475982535,
      "step": 140,
      "total_flos": 2330174215249920.0,
      "train_loss": 0.4171121597290039,
      "train_runtime": 834.1218,
      "train_samples_per_second": 10.97,
      "train_steps_per_second": 0.168
    }
  ],
  "logging_steps": 500,
  "max_steps": 140,
  "num_input_tokens_seen": 0,
  "num_train_epochs": 5,
  "save_steps": 500,
  "stateful_callbacks": {
    "TrainerControl": {
      "args": {
        "should_epoch_stop": false,
        "should_evaluate": false,
        "should_log": false,
        "should_save": true,
        "should_training_stop": true
      },
      "attributes": {}
    }
  },
  "total_flos": 2330174215249920.0,
  "train_batch_size": 8,
  "trial_name": null,
  "trial_params": null
}
