{
  "eval_loss": 1.7291570901870728,
  "eval_accuracy": 0.3911875335840946,
  "eval_f1_micro": 0.3911875335840946,
  "eval_f1_macro": 0.24007478197518695,
  "eval_f1_weighted": 0.5299814979697013,
  "eval_f1_norel": 0.5472154963680388,
  "eval_f1_att": 0.1,
  "eval_f1_supp": 0.07300884955752213,
  "eval_f1_a_s": 0.08650442477876107,
  "eval_precision_micro": 0.3911875335840946,
  "eval_precision_macro": 0.3601841414843172,
  "eval_precision_weighted": 0.9533164612694113,
  "eval_precision_norel": 0.9883381924198251,
  "eval_precision_att": 0.05379746835443038,
  "eval_precision_supp": 0.03841676367869616,
  "eval_recall_micro": 0.3911875335840946,
  "eval_recall_macro": 0.6066716269841269,
  "eval_recall_weighted": 0.3911875335840946,
  "eval_recall_norel": 0.3783482142857143,
  "eval_recall_att": 0.7083333333333334,
  "eval_recall_supp": 0.7333333333333333,
  "eval_confusion_matrix": [
    [
      678,
      294,
      820
    ],
    [
      1,
      17,
      6
    ],
    [
      7,
      5,
      33
    ]
  ],
  "eval_runtime": 18.2411,
  "eval_samples_per_second": 102.022,
  "eval_steps_per_second": 12.773,
  "epoch": 4.784313725490196
}