{
  "best_metric": 0.0949782734805118,
  "best_model_checkpoint": "/gaueko1/users/murruela002/APP1/NLIsrc/RV/outputs_secuencia/datos_secuencia/2_3000/checkpoint-60",
  "epoch": 4.784313725490196,
  "eval_steps": 500,
  "global_step": 95,
  "is_hyper_param_search": false,
  "is_local_process_zero": true,
  "is_world_process_zero": true,
  "log_history": [
    {
      "epoch": 1.0,
      "eval_accuracy": 0.9629231595916175,
      "eval_confusion_matrix": [
        [
          1792,
          0,
          0
        ],
        [
          24,
          0,
          0
        ],
        [
          45,
          0,
          0
        ]
      ],
      "eval_f1_a_s": 0.0,
      "eval_f1_att": 0.0,
      "eval_f1_macro": 0.3270371384250388,
      "eval_f1_micro": 0.9629231595916175,
      "eval_f1_norel": 0.9811114152751164,
      "eval_f1_supp": 0.0,
      "eval_f1_weighted": 0.9447349039081185,
      "eval_loss": 0.769118070602417,
      "eval_precision_att": 0.0,
      "eval_precision_macro": 0.32097438653053917,
      "eval_precision_micro": 0.9629231595916175,
      "eval_precision_norel": 0.9629231595916175,
      "eval_precision_supp": 0.0,
      "eval_precision_weighted": 0.9272210112779036,
      "eval_recall_att": 0.0,
      "eval_recall_macro": 0.3333333333333333,
      "eval_recall_micro": 0.9629231595916175,
      "eval_recall_norel": 1.0,
      "eval_recall_supp": 0.0,
      "eval_recall_weighted": 0.9629231595916175,
      "eval_runtime": 18.6895,
      "eval_samples_per_second": 99.574,
      "eval_steps_per_second": 12.467,
      "step": 20
    },
    {
      "epoch": 2.0,
      "eval_accuracy": 0.6007522837184309,
      "eval_confusion_matrix": [
        [
          1090,
          308,
          394
        ],
        [
          5,
          12,
          7
        ],
        [
          15,
          14,
          16
        ]
      ],
      "eval_f1_a_s": 0.06815158770466033,
      "eval_f1_att": 0.0670391061452514,
      "eval_f1_macro": 0.2958364133974097,
      "eval_f1_micro": 0.6007522837184309,
      "eval_f1_norel": 0.7512060647829083,
      "eval_f1_supp": 0.06926406926406926,
      "eval_f1_weighted": 0.7258931164725099,
      "eval_loss": 0.9075902104377747,
      "eval_precision_att": 0.03592814371257485,
      "eval_precision_macro": 0.35209314341697057,
      "eval_precision_micro": 0.6007522837184309,
      "eval_precision_norel": 0.9819819819819819,
      "eval_precision_supp": 0.03836930455635491,
      "eval_precision_weighted": 0.9469643234099137,
      "eval_recall_att": 0.5,
      "eval_recall_macro": 0.48793816137566143,
      "eval_recall_micro": 0.6007522837184309,
      "eval_recall_norel": 0.6082589285714286,
      "eval_recall_supp": 0.35555555555555557,
      "eval_recall_weighted": 0.6007522837184309,
      "eval_runtime": 18.2924,
      "eval_samples_per_second": 101.736,
      "eval_steps_per_second": 12.738,
      "step": 40
    },
    {
      "epoch": 3.0,
      "eval_accuracy": 0.47662547017732404,
      "eval_confusion_matrix": [
        [
          842,
          172,
          778
        ],
        [
          2,
          12,
          10
        ],
        [
          9,
          3,
          33
        ]
      ],
      "eval_f1_a_s": 0.0949782734805118,
      "eval_f1_att": 0.11374407582938388,
      "eval_f1_macro": 0.27554317160830594,
      "eval_f1_micro": 0.47662547017732404,
      "eval_f1_norel": 0.6366729678638942,
      "eval_f1_supp": 0.07621247113163972,
      "eval_f1_weighted": 0.6163768820166188,
      "eval_loss": 1.328803539276123,
      "eval_precision_att": 0.06417112299465241,
      "eval_precision_macro": 0.3638234483046647,
      "eval_precision_micro": 0.47662547017732404,
      "eval_precision_norel": 0.9871043376318874,
      "eval_precision_supp": 0.040194884287454324,
      "eval_precision_weighted": 0.9523051315320523,
      "eval_recall_att": 0.5,
      "eval_recall_macro": 0.5677331349206348,
      "eval_recall_micro": 0.47662547017732404,
      "eval_recall_norel": 0.46986607142857145,
      "eval_recall_supp": 0.7333333333333333,
      "eval_recall_weighted": 0.47662547017732404,
      "eval_runtime": 28.9187,
      "eval_samples_per_second": 64.353,
      "eval_steps_per_second": 8.057,
      "step": 60
    },
    {
      "epoch": 4.0,
      "eval_accuracy": 0.3154218162278345,
      "eval_confusion_matrix": [
        [
          538,
          494,
          760
        ],
        [
          1,
          19,
          4
        ],
        [
          7,
          8,
          30
        ]
      ],
      "eval_f1_a_s": 0.07061923871800199,
      "eval_f1_att": 0.06972477064220184,
      "eval_f1_macro": 0.20048696325140822,
      "eval_f1_micro": 0.3154218162278345,
      "eval_f1_norel": 0.4602224123182207,
      "eval_f1_supp": 0.07151370679380215,
      "eval_f1_weighted": 0.4457872510345972,
      "eval_loss": 2.039546251296997,
      "eval_precision_att": 0.036468330134357005,
      "eval_precision_macro": 0.3531998969324013,
      "eval_precision_micro": 0.3154218162278345,
      "eval_precision_norel": 0.9853479853479854,
      "eval_precision_supp": 0.037783375314861464,
      "eval_precision_weighted": 0.9501983243180996,
      "eval_recall_att": 0.7916666666666666,
      "eval_recall_macro": 0.5861855158730158,
      "eval_recall_micro": 0.3154218162278345,
      "eval_recall_norel": 0.3002232142857143,
      "eval_recall_supp": 0.6666666666666666,
      "eval_recall_weighted": 0.3154218162278345,
      "eval_runtime": 23.4985,
      "eval_samples_per_second": 79.196,
      "eval_steps_per_second": 9.916,
      "step": 80
    },
    {
      "epoch": 4.784313725490196,
      "eval_accuracy": 0.3911875335840946,
      "eval_confusion_matrix": [
        [
          678,
          294,
          820
        ],
        [
          1,
          17,
          6
        ],
        [
          7,
          5,
          33
        ]
      ],
      "eval_f1_a_s": 0.08650442477876107,
      "eval_f1_att": 0.1,
      "eval_f1_macro": 0.24007478197518695,
      "eval_f1_micro": 0.3911875335840946,
      "eval_f1_norel": 0.5472154963680388,
      "eval_f1_supp": 0.07300884955752213,
      "eval_f1_weighted": 0.5299814979697013,
      "eval_loss": 1.7291570901870728,
      "eval_precision_att": 0.05379746835443038,
      "eval_precision_macro": 0.3601841414843172,
      "eval_precision_micro": 0.3911875335840946,
      "eval_precision_norel": 0.9883381924198251,
      "eval_precision_supp": 0.03841676367869616,
      "eval_precision_weighted": 0.9533164612694113,
      "eval_recall_att": 0.7083333333333334,
      "eval_recall_macro": 0.6066716269841269,
      "eval_recall_micro": 0.3911875335840946,
      "eval_recall_norel": 0.3783482142857143,
      "eval_recall_supp": 0.7333333333333333,
      "eval_recall_weighted": 0.3911875335840946,
      "eval_runtime": 31.9795,
      "eval_samples_per_second": 58.194,
      "eval_steps_per_second": 7.286,
      "step": 95
    },
    {
      "epoch": 4.784313725490196,
      "step": 95,
      "total_flos": 1536582359531520.0,
      "train_loss": 0.6225821645636308,
      "train_runtime": 572.9822,
      "train_samples_per_second": 10.646,
      "train_steps_per_second": 0.166
    }
  ],
  "logging_steps": 500,
  "max_steps": 95,
  "num_input_tokens_seen": 0,
  "num_train_epochs": 5,
  "save_steps": 500,
  "stateful_callbacks": {
    "TrainerControl": {
      "args": {
        "should_epoch_stop": false,
        "should_evaluate": false,
        "should_log": false,
        "should_save": true,
        "should_training_stop": true
      },
      "attributes": {}
    }
  },
  "total_flos": 1536582359531520.0,
  "train_batch_size": 8,
  "trial_name": null,
  "trial_params": null
}
