{
    "optimal_threshold": 0.4984984984984985,
    "positive_accuracy": 0.5722543352601156,
    "precision": 0.06144393241167435,
    "recall": 0.23121387283236994,
    "f1-score": 0.0970873786407767
}